rank,score,data_completeness,crd,firm,city,state,website,raum_total_$B,raum_discretionary_$B,hnw_raum_$B,employees,private_funds,pe_funds,filing_date,alts_exposure_score,alts_exposure_evidence,hnw_mix_score,hnw_mix_evidence,aum_band_score,aum_band_evidence,discretionary_score,discretionary_evidence,custodian_score,custodian_evidence,aum_growth_score,aum_growth_evidence,web_language_score,web_language_evidence
1,97.5,1,141470,"MILL CREEK CAPITAL ADVISORS, LLC",CONSHOHOCKEN,PA,https://www.linkedin.com/company/mill-creek-capital-advisors/,10.47,10.44,7.23,42,4,2,03/31/2026,100,"Advises 4 private fund(s) — 2 PE, 1 hedge, $754M gross",100,69% of $10.5B RAUM is HNW,100,$10.5B total RAUM,100,100% of RAUM is discretionary,100,"Custody: Charles Schwab, Fidelity",50,RAUM unchanged since prior month (neutral),100,"Homepage — structures: private markets, private equity, private credit"
2,97.4,0.95,1588,DAVENPORT & COMPANY LLC,RICHMOND,VA,HTTPS://WWW.LINKEDIN.COM/COMPANY/DAVENPORT-&-COMPANY-LLC,24.70,23.93,14.07,525,3,,04/21/2026,100,"Advises 3 private fund(s) — 3 hedge, $710M gross",100,57% of $24.7B RAUM is HNW,100,$24.7B total RAUM,100,97% of RAUM is discretionary,100,Custody: Pershing (BNY),50,RAUM unchanged since prior month (neutral),,Website not yet scanned (stage 3)
3,97.4,0.95,104690,ALLEGHENY FINANCIAL GROUP,PITTSBURGH,PA,https://www.linkedin.com/company/alllegheny-financial-group,5.59,5.47,4.50,103,13,6,05/15/2026,100,"Advises 13 private fund(s) — 6 PE, 6 hedge, 1 real estate, $177M gross",100,80% of $5.6B RAUM is HNW,100,$5.6B total RAUM,100,98% of RAUM is discretionary,100,Custody: Fidelity,50,RAUM unchanged since prior month (neutral),,Website not yet scanned (stage 3)
4,97.4,0.95,105690,TOCQUEVILLE ASSET MANAGEMENT LP,NEW YORK,NY,HTTPS://TWITTER.COM/TOCQUEVILLEAM,10.24,9.32,5.67,73,5,,03/31/2026,100,"Advises 5 private fund(s) — 2 hedge, 2 real estate, $234M gross",100,55% of $10.2B RAUM is HNW,100,$10.2B total RAUM,100,91% of RAUM is discretionary,100,Custody: Pershing (BNY),50,RAUM unchanged since prior month (neutral),,Website not yet scanned (stage 3)
5,97.4,0.95,108894,"BRAVE WARRIOR ADVISORS, LLC",NEW YORK,NY,,5.64,5.64,3.92,6,4,,04/06/2026,100,"Advises 4 private fund(s) — 4 hedge, $220M gross",100,69% of $5.6B RAUM is HNW,100,$5.6B total RAUM,100,100% of RAUM is discretionary,100,Custody: Pershing (BNY),50,RAUM unchanged since prior month (neutral),,Website not yet scanned (stage 3)
6,97.4,0.95,110489,"BECKER CAPITAL MANAGEMENT, INC.",PORTLAND,OR,HTTPS://WWW.LINKEDIN.COM/COMPANY/BECKER-CAPITAL-MANAGEMENT,5.73,5.73,3.57,42,1,1,03/31/2026,100,"Advises 1 private fund(s) — 1 PE, $13M gross",100,62% of $5.7B RAUM is HNW,100,$5.7B total RAUM,100,100% of RAUM is discretionary,100,"Custody: Charles Schwab, US Bank",50,RAUM unchanged since prior month (neutral),,Website not yet scanned (stage 3)
7,97.4,0.95,124062,"FIDUCIARY TRUST INTERNATIONAL, LLC",LINCOLN,MA,,7.67,7.12,6.02,50,7,,12/22/2025,100,"Advises 7 private fund(s) — 1 hedge, $696M gross",100,78% of $7.7B RAUM is HNW,100,$7.7B total RAUM,100,93% of RAUM is discretionary,100,Custody: Fidelity,50,RAUM unchanged since prior month (neutral),,Website not yet scanned (stage 3)
8,97.4,0.95,142633,CANNELL & SPEARS LLC,NEW YORK,NY,HTTPS://WWW.LINKEDIN.COM/COMPANY/CANNELL-SPEARS/,6.99,6.80,6.22,40,2,,03/30/2026,100,"Advises 2 private fund(s), $12M gross",100,89% of $7.0B RAUM is HNW,100,$7.0B total RAUM,100,97% of RAUM is discretionary,100,"Custody: Charles Schwab, Fidelity",50,RAUM unchanged since prior month (neutral),,Website not yet scanned (stage 3)
9,97.4,0.95,287755,JORDAN PARK GROUP LLC,SAN FRANCISCO,CA,HTTP://WWW.LINKEDIN.COM/COMPANY/JORDANPARK,23.26,23.25,15.49,153,45,29,05/19/2026,100,"Advises 45 private fund(s) — 29 PE, 5 hedge, 6 real estate, $6.6B gross",100,67% of $23.3B RAUM is HNW,100,$23.3B total RAUM,100,100% of RAUM is discretionary,100,"Custody: Charles Schwab, Fidelity",50,RAUM unchanged since prior month (neutral),,Website not yet scanned (stage 3)
10,97.4,0.95,297987,"DAKOTA WEALTH, LLC",PALM BEACH GARDENS,FL,https://www.dakotawm.com/,6.94,6.93,4.66,91,1,,03/24/2026,100,"Advises 1 private fund(s) — 1 hedge, $465,000 gross",100,67% of $6.9B RAUM is HNW,100,$6.9B total RAUM,100,100% of RAUM is discretionary,100,"Custody: Charles Schwab, Fidelity, Pershing (BNY)",50,RAUM unchanged since prior month (neutral),,Website not yet scanned (stage 3)
11,97,0.95,294197,ROCKEFELLER CAPITAL MANAGEMENT,NEW YORK,NY,https://www.rockco.com/mealey-wealth-partners/,36.76,31.80,21.05,602,39,8,03/31/2026,100,"Advises 39 private fund(s) — 8 PE, 1 hedge, $4.1B gross",100,57% of $36.8B RAUM is HNW,100,$36.8B total RAUM,96,86% of RAUM is discretionary,100,"Custody: Fidelity, Raymond James, Northern Trust",50,RAUM unchanged since prior month (neutral),,Website not yet scanned (stage 3)
12,96.6,0.95,124454,"ALLEN INVESTMENT MANAGEMENT, LLC",NEW YORK,NY,,16.91,14.09,16.86,28,1,,03/30/2026,100,"Advises 1 private fund(s) — 1 hedge, $570,118 gross",100,100% of $16.9B RAUM is HNW,100,$16.9B total RAUM,93,83% of RAUM is discretionary,100,"Custody: Charles Schwab, Fidelity, Pershing (BNY)",50,RAUM unchanged since prior month (neutral),,Website not yet scanned (stage 3)
13,96.6,0.95,300856,EVOKE ADVISORS,LOS ANGELES,CA,https://mai.capital.evoke-advisors/,17.29,14.42,12.08,96,23,,04/30/2026,100,"Advises 23 private fund(s) — 2 hedge, 7 real estate, $3.0B gross",100,70% of $17.3B RAUM is HNW,100,$17.3B total RAUM,93,83% of RAUM is discretionary,100,"Custody: Charles Schwab, Fidelity",50,RAUM unchanged since prior month (neutral),,Website not yet scanned (stage 3)
14,96.3,0.95,147662,CHICAGO PARTNERS INVESTMENT GROUP LLC,CHICAGO,IL,HTTPS://WWW.LINKEDIN.COM/COMPANY/CHICAGOPARTNERS/,7.47,6.05,5.82,73,3,,03/18/2026,100,"Advises 3 private fund(s) — 1 hedge, $113M gross",100,78% of $7.5B RAUM is HNW,100,$7.5B total RAUM,90,81% of RAUM is discretionary,100,"Custody: Charles Schwab, Fidelity",50,RAUM unchanged since prior month (neutral),,Website not yet scanned (stage 3)
15,95.5,1,107341,LNW,SEATTLE,WA,https://www.linkedin.com/company/lnwadvisors/,12.18,11.68,10.47,169,3,3,03/31/2026,100,"Advises 3 private fund(s) — 3 PE, $54M gross",100,86% of $12.2B RAUM is HNW,100,$12.2B total RAUM,100,96% of RAUM is discretionary,100,Custody: Charles Schwab,50,RAUM unchanged since prior month (neutral),60,"Homepage — structures: evergreen fund, private markets"
16,95.5,1,110264,"BMO FAMILY OFFICE, LLC",CHICAGO,IL,https://www.linkedin.com/company/bmowealthmanagement-us,9.99,9.82,9.82,130,26,9,01/28/2026,100,"Advises 26 private fund(s) — 9 PE, 1 hedge, 5 real estate, $900M gross",100,98% of $10.0B RAUM is HNW,100,$10.0B total RAUM,100,98% of RAUM is discretionary,100,"Custody: Charles Schwab, Northern Trust",50,RAUM unchanged since prior month (neutral),60,Homepage — structures: private equity
17,95.5,1,116048,"TRUE NORTH ADVISORS, LLC",DALLAS,TX,https://open.spotify.com/show/3EhHbVcglw8byCA4atwCqt?si=_xqQlPTAQ36bwA--bdk4PA&nd=1&dlsi=873e5517c351410f,5.42,5.02,3.79,89,34,,03/27/2026,100,"Advises 34 private fund(s) — 5 hedge, 8 real estate, $1.1B gross",100,70% of $5.4B RAUM is HNW,100,$5.4B total RAUM,100,93% of RAUM is discretionary,100,"Custody: Charles Schwab, Fidelity",50,RAUM unchanged since prior month (neutral),60,Homepage — structures: private equity
18,95.5,1,152622,EMPIRICAL WEALTH MANAGEMENT,SEATTLE,WA,https://www.linkedin.com/company/empirical-wealth-management/,8.43,8.43,7.98,94,1,,03/31/2026,100,"Advises 1 private fund(s), $16M gross",100,95% of $8.4B RAUM is HNW,100,$8.4B total RAUM,100,100% of RAUM is discretionary,100,Custody: Charles Schwab,50,RAUM unchanged since prior month (neutral),60,"Homepage — structures: private markets, private credit"
19,95.4,1,316731,HB WEALTH,ATLANTA,GA,https://www.linkedin.com/company/hbwealth/,30.16,26.91,21.78,325,24,17,05/08/2026,100,"Advises 24 private fund(s) — 17 PE, 7 real estate, $860M gross",100,72% of $30.2B RAUM is HNW,100,$30.2B total RAUM,99,89% of RAUM is discretionary,100,"Custody: Charles Schwab, Fidelity",50,RAUM unchanged since prior month (neutral),60,Homepage — structures: private equity
20,95,0.9,2993,H.M. PAYSON,PORTLAND,ME,HTTP://WWW.HMPAYSON.COM/,9.09,8.57,5.31,34,1,1,03/31/2026,100,"Advises 1 private fund(s) — 1 PE, $38M gross",100,58% of $9.1B RAUM is HNW,100,$9.1B total RAUM,100,94% of RAUM is discretionary,,No custodian names found in ADV PDF,50,RAUM unchanged since prior month (neutral),60,Homepage — structures: private equity
21,95,0.9,105597,"JOHN W. BRISTOL & CO., INC.",NEW YORK,NY,https://www.linkedin.com/company/john-w-bristol-co-inc,7.07,7.04,3.96,18,1,,03/30/2026,100,"Advises 1 private fund(s), $207M gross",100,56% of $7.1B RAUM is HNW,100,$7.1B total RAUM,100,100% of RAUM is discretionary,,No custodian names found in ADV PDF,50,RAUM unchanged since prior month (neutral),60,Homepage — structures: private equity
22,95,1,110550,"BAILARD, INC.",FOSTER CITY,CA,https://www.linkedin.com/in/michael-faust/,7.56,7.51,5.27,83,1,,05/29/2026,100,"Advises 1 private fund(s) — 1 hedge, $14M gross",100,70% of $7.6B RAUM is HNW,100,$7.6B total RAUM,100,99% of RAUM is discretionary,100,"Custody: Charles Schwab, Pershing (BNY)",100,RAUM 471.9% annualized,0,No retail-alts vocabulary on homepage
23,94,1,105674,CLEARSTEAD; CLEARSTEAD ADVISORY SOLUTIONS,CLEVELAND,OH,https://clearsteadinvestmentforum.buzzsprout.com/,33.88,25.94,20.50,280,3,3,03/30/2026,100,"Advises 3 private fund(s) — 3 PE, $173M gross",100,61% of $33.9B RAUM is HNW,100,$33.9B total RAUM,85,77% of RAUM is discretionary,100,"Custody: Charles Schwab, Fidelity, LPL Financial",50,RAUM unchanged since prior month (neutral),60,Homepage — structures: private credit
24,94,1,143208,"BIP WEALTH, LLC",ATLANTA,GA,https://prehmusfinancial.com/,5.29,4.05,4.82,88,2,2,04/17/2026,100,"Advises 2 private fund(s) — 2 PE, $10M gross",100,91% of $5.3B RAUM is HNW,100,$5.3B total RAUM,85,77% of RAUM is discretionary,100,"Custody: Charles Schwab, Fidelity",50,RAUM unchanged since prior month (neutral),60,Homepage — structures: private markets
25,94,0.85,145103,STELAC ADVISORY SERVICES LLC,NEW YORK,NY,https://www.linkedin.com/company/stelac-advisory-services-llc,6.29,4.18,6.24,21,3,2,03/31/2026,100,"Advises 3 private fund(s) — 2 PE, $42M gross",100,99% of $6.3B RAUM is HNW,100,$6.3B total RAUM,74,66% of RAUM is discretionary,,Custodians not yet extracted (stage 3),50,RAUM unchanged since prior month (neutral),,Website not yet scanned (stage 3)
26,93.8,1,288199,"U.S. CAPITAL WEALTH ADVISORS, LLC",HOUSTON,TX,https://www.linkedin.com/company/u-s-capital-wealth-llc,8.76,6.57,7.35,141,1,,03/30/2026,100,"Advises 1 private fund(s), $19M gross",100,84% of $8.8B RAUM is HNW,100,$8.8B total RAUM,83,75% of RAUM is discretionary,100,"Custody: Charles Schwab, Fidelity",50,RAUM unchanged since prior month (neutral),60,Homepage — structures: private equity
27,93.6,1,152802,BALLENTINE PARTNERS,WALTHAM,MA,https://www.linkedin.com/company/ballentinepartners,15.32,11.23,14.85,125,9,8,05/11/2026,100,"Advises 9 private fund(s) — 8 PE, 1 real estate, $482M gross",100,97% of $15.3B RAUM is HNW,100,$15.3B total RAUM,81,73% of RAUM is discretionary,100,Custody: Fidelity,50,RAUM unchanged since prior month (neutral),60,Homepage — structures: private credit
28,93.5,0.85,46047,"HANTZ FINANCIAL SERVICES, INC.",SOUTHFIELD,MI,HTTP://WWW.HANTZGROUP.COM,10.00,8.99,4.50,435,3,3,04/27/2026,100,Advises 3 private fund(s) — 3 PE,90,45% of $10.0B RAUM is HNW,100,$10.0B total RAUM,100,90% of RAUM is discretionary,,Custodians not yet extracted (stage 3),50,RAUM unchanged since prior month (neutral),,Website not yet scanned (stage 3)
29,93.3,0.85,324429,"A16Z PERENNIAL MANAGEMENT, L.P.",MENLO PARK,CA,https://www.a16z.com/perennial,2.75,2.75,2.08,26,7,3,05/26/2026,100,"Advises 7 private fund(s) — 3 PE, 1 hedge, $762M gross",100,75% of $2.8B RAUM is HNW,70,$2.8B total RAUM,100,100% of RAUM is discretionary,,Custodians not yet extracted (stage 3),76,RAUM 5.2% annualized,,Website not yet scanned (stage 3)
30,93.1,1,108028,BRIDGES INVESTMENT MANAGEMENT INC,OMAHA,NE,HTTP://WWW.BRIDGESINV.COM,11.31,11.00,5.21,79,1,1,04/10/2026,100,"Advises 1 private fund(s) — 1 PE, $74M gross",92,46% of $11.3B RAUM is HNW,100,$11.3B total RAUM,100,97% of RAUM is discretionary,100,Custody: Charles Schwab,50,RAUM unchanged since prior month (neutral),60,"Homepage — structures: private equity, private credit"
31,92.5,1,2288,INGALLS & SNYDER LLC,NEW YORK,NY,HTTPS://WWW.INGALLS.NET,7.83,7.67,5.78,92,3,,12/24/2025,100,"Advises 3 private fund(s) — 3 hedge, $142M gross",100,74% of $7.8B RAUM is HNW,100,$7.8B total RAUM,100,98% of RAUM is discretionary,100,"Custody: Charles Schwab, Pershing (BNY)",50,RAUM unchanged since prior month (neutral),0,No retail-alts vocabulary on homepage
32,92.5,1,104931,EVERGREEN CAPITAL MANAGEMENT LLC,BELLEVUE,WA,HTTPS://TWITTER.COM/EVERGREENGK,7.19,7.17,6.23,37,8,7,03/26/2026,100,"Advises 8 private fund(s) — 7 PE, 1 real estate, $235M gross",100,87% of $7.2B RAUM is HNW,100,$7.2B total RAUM,100,100% of RAUM is discretionary,100,Custody: Charles Schwab,50,RAUM unchanged since prior month (neutral),0,No retail-alts vocabulary on homepage
33,92.5,1,105466,"BECK, MACK & OLIVER LLC",NEW YORK,NY,HTTP://WWW.BECKMACK.COM,6.18,6.10,4.94,24,19,,03/25/2026,100,"Advises 19 private fund(s) — 2 hedge, $329M gross",100,80% of $6.2B RAUM is HNW,100,$6.2B total RAUM,100,99% of RAUM is discretionary,100,"Custody: Charles Schwab, Fidelity",50,RAUM unchanged since prior month (neutral),0,No retail-alts vocabulary on homepage
34,92.5,1,106375,BROWN ADVISORY,NORFOLK,VA,https://twitter.com/Bafunds,7.57,7.52,5.55,36,16,13,03/30/2026,100,"Advises 16 private fund(s) — 13 PE, 2 hedge, $1.7B gross",100,73% of $7.6B RAUM is HNW,100,$7.6B total RAUM,100,99% of RAUM is discretionary,100,"Custody: Charles Schwab, Fidelity, Pershing (BNY)",50,RAUM unchanged since prior month (neutral),0,No retail-alts vocabulary on homepage
35,92.5,1,108601,BRIGHTON JONES LLC,SEATTLE,WA,HTTPS://BLUEPRINTCAP.COM,18.88,18.76,17.52,316,5,5,05/21/2026,100,"Advises 5 private fund(s) — 5 PE, $63M gross",100,93% of $18.9B RAUM is HNW,100,$18.9B total RAUM,100,99% of RAUM is discretionary,100,Custody: Fidelity,50,RAUM unchanged since prior month (neutral),0,No retail-alts vocabulary on homepage
36,92.5,1,108805,COLDSTREAM WEALTH MANAGEMENT,BELLEVUE,WA,HTTPS://TWITTER.COM/COLDSTREAMSEA,13.93,13.62,11.33,207,1,,03/30/2026,100,"Advises 1 private fund(s) — 1 real estate, $152M gross",100,81% of $13.9B RAUM is HNW,100,$13.9B total RAUM,100,98% of RAUM is discretionary,100,"Custody: Charles Schwab, Fidelity",50,RAUM unchanged since prior month (neutral),0,No retail-alts vocabulary on homepage
37,92.5,1,109420,GRIMES & COMPANY,WESTBOROUGH,MA,https://www.youtube.com/@grimesandcompany,6.30,6.12,4.90,69,1,,03/28/2026,100,"Advises 1 private fund(s) — 1 hedge, $5M gross",100,78% of $6.3B RAUM is HNW,100,$6.3B total RAUM,100,97% of RAUM is discretionary,100,"Custody: Charles Schwab, Fidelity",50,RAUM unchanged since prior month (neutral),0,No retail-alts vocabulary on homepage
38,92.5,1,109688,"BBR PARTNERS, LLC",NEW YORK,NY,HTTPS://WWW.BBRPARTNERS.COM,36.49,34.30,27.57,175,41,33,03/31/2026,100,"Advises 41 private fund(s) — 33 PE, 8 hedge, $7.1B gross",100,76% of $36.5B RAUM is HNW,100,$36.5B total RAUM,100,94% of RAUM is discretionary,100,Custody: Charles Schwab,50,RAUM unchanged since prior month (neutral),0,No retail-alts vocabulary on homepage
39,92.5,1,112758,"SIGNATUREFD, LLC",ATLANTA,GA,HTTPS://WWW.SIGNATUREFD.COM,9.68,8.95,8.46,130,2,2,03/30/2026,100,"Advises 2 private fund(s) — 2 PE, $279M gross",100,87% of $9.7B RAUM is HNW,100,$9.7B total RAUM,100,93% of RAUM is discretionary,100,"Custody: Charles Schwab, Fidelity",50,RAUM unchanged since prior month (neutral),0,No retail-alts vocabulary on homepage
40,92.5,1,113128,"CULLEN CAPITAL MANAGEMENT, LLC",NEW YORK,NY,http://www.cullenfunds.com/,11.58,11.58,6.00,64,3,,03/27/2026,100,"Advises 3 private fund(s) — 3 hedge, $24M gross",100,52% of $11.6B RAUM is HNW,100,$11.6B total RAUM,100,100% of RAUM is discretionary,100,"Custody: Charles Schwab, Pershing (BNY), LPL Financial, Raymond James",50,RAUM unchanged since prior month (neutral),0,No retail-alts vocabulary on homepage
41,92.5,1,117756,"SEQUOIA FINANCIAL GROUP, L.L.C.",AKRON,OH,https://www.youtube.com/user/LJPRvideos,32.24,30.64,24.80,424,17,5,03/18/2026,100,"Advises 17 private fund(s) — 5 PE, 6 hedge, 4 real estate, $1.6B gross",100,77% of $32.2B RAUM is HNW,100,$32.2B total RAUM,100,95% of RAUM is discretionary,100,"Custody: Charles Schwab, Fidelity",50,RAUM unchanged since prior month (neutral),0,No retail-alts vocabulary on homepage
42,92.5,1,131243,J. SAFRA ASSET MANAGEMENT CORPORATION,NEW YORK CITY,NY,https://www.linkedin.com/company/j-safra-asset-management-corporation/mycompany/,6.26,6.16,5.58,22,7,2,03/31/2026,100,"Advises 7 private fund(s) — 2 PE, $314M gross",100,89% of $6.3B RAUM is HNW,100,$6.3B total RAUM,100,98% of RAUM is discretionary,100,"Custody: Fidelity, Pershing (BNY), Northern Trust",50,RAUM unchanged since prior month (neutral),0,No retail-alts vocabulary on homepage
43,92.5,1,132330,"SIMON QUICK ADVISORS, LLC",MORRISTOWN,NJ,https://www.instagram.com/simonquickadvisors/,9.01,8.39,7.55,97,5,1,03/18/2026,100,"Advises 5 private fund(s) — 1 PE, $421M gross",100,84% of $9.0B RAUM is HNW,100,$9.0B total RAUM,100,93% of RAUM is discretionary,100,"Custody: Charles Schwab, Fidelity",50,RAUM unchanged since prior month (neutral),0,No retail-alts vocabulary on homepage
44,92.5,1,133535,ARAX ADVISORY PARTNERS,DENVER,CO,https://www.kleinhenzwealth.com,11.30,10.88,8.63,122,5,1,05/06/2026,100,"Advises 5 private fund(s) — 1 PE, 3 real estate, $245M gross",100,76% of $11.3B RAUM is HNW,100,$11.3B total RAUM,100,96% of RAUM is discretionary,100,"Custody: Charles Schwab, Fidelity, Pershing (BNY), Raymond James",50,RAUM unchanged since prior month (neutral),0,No retail-alts vocabulary on homepage
45,92.5,1,147253,CONSTELLATION WEALTH ADVISORS,CINCINNATI,OH,HTTPS://WWW.QUADRANTWEALTH.COM,5.40,5.35,4.16,26,4,4,02/20/2026,100,"Advises 4 private fund(s) — 4 PE, $1.2B gross",100,77% of $5.4B RAUM is HNW,100,$5.4B total RAUM,100,99% of RAUM is discretionary,100,Custody: Charles Schwab,50,RAUM unchanged since prior month (neutral),0,No retail-alts vocabulary on homepage
46,92.5,1,148399,"EVERCORE WEALTH MANAGEMENT, LLC",NEW YORK,NY,HTTPS://TWITTER.COM/EVERCOREWEALTH,15.52,15.42,13.87,97,1,1,03/31/2026,100,"Advises 1 private fund(s) — 1 PE, $47M gross",100,89% of $15.5B RAUM is HNW,100,$15.5B total RAUM,100,99% of RAUM is discretionary,100,Custody: Charles Schwab,50,RAUM unchanged since prior month (neutral),0,No retail-alts vocabulary on homepage
47,92.5,1,149046,KRILOGY,ST. LOUIS,MO,HTTPS://TWITTER.COM/KRILOGY,5.20,4.68,3.75,103,1,,03/31/2026,100,"Advises 1 private fund(s), $2M gross",100,72% of $5.2B RAUM is HNW,100,$5.2B total RAUM,100,90% of RAUM is discretionary,100,"Custody: Charles Schwab, Fidelity",50,RAUM unchanged since prior month (neutral),0,No retail-alts vocabulary on homepage
48,92.5,1,152511,BALENTINE,ATLANTA,GA,HTTPS://WWW.BALENTINE.COM,5.54,5.30,4.00,61,6,6,03/30/2026,100,"Advises 6 private fund(s) — 6 PE, $81M gross",100,72% of $5.5B RAUM is HNW,100,$5.5B total RAUM,100,96% of RAUM is discretionary,100,Custody: Pershing (BNY),50,RAUM unchanged since prior month (neutral),0,No retail-alts vocabulary on homepage
49,92.5,1,155317,THE BOLLARD GROUP LLC,BOSTON,MA,HTTP://WWW.BOLLARD.COM,6.72,6.49,5.32,29,91,25,03/31/2026,100,"Advises 91 private fund(s) — 25 PE, 3 hedge, 9 real estate, $1.4B gross",100,79% of $6.7B RAUM is HNW,100,$6.7B total RAUM,100,97% of RAUM is discretionary,100,Custody: Fidelity,50,RAUM unchanged since prior month (neutral),0,No retail-alts vocabulary on homepage
50,92.5,1,167908,"NORTHROCK PARTNERS, LLC",MINNEAPOLIS,MN,https://facebook.com/profile.php?id=100080818425879,12.19,11.52,10.95,233,1,,03/31/2026,100,"Advises 1 private fund(s), $74,913 gross",100,90% of $12.2B RAUM is HNW,100,$12.2B total RAUM,100,95% of RAUM is discretionary,100,"Custody: Charles Schwab, Fidelity",50,RAUM unchanged since prior month (neutral),0,No retail-alts vocabulary on homepage
51,92.5,1,171991,INTEGRATED ADVISORS NETWORK LLC,DALLAS,TX,https://www.linkedin.com/company/candid-financial-llc/,5.52,5.29,3.11,87,1,,03/31/2026,100,"Advises 1 private fund(s), $18M gross",100,56% of $5.5B RAUM is HNW,100,$5.5B total RAUM,100,96% of RAUM is discretionary,100,"Custody: Charles Schwab, Fidelity, Raymond James",50,RAUM unchanged since prior month (neutral),0,No retail-alts vocabulary on homepage
52,92.5,0.85,220519,"SUMMIT TRAIL ADVISORS, LLC",NEW YORK,NY,HTTP://SUMMITTRAIL.COM,19.94,11.06,16.33,94,16,8,05/26/2026,100,"Advises 16 private fund(s) — 8 PE, 7 hedge, 1 real estate, $2.0B gross",100,82% of $19.9B RAUM is HNW,100,$19.9B total RAUM,62,55% of RAUM is discretionary,,Custodians not yet extracted (stage 3),50,RAUM unchanged since prior month (neutral),,Website not yet scanned (stage 3)
53,92.5,1,269866,LIDO,LOS ANGELES,CA,HTTP://WWW.LIDOADVISORS.COM,42.50,41.39,36.79,437,22,5,05/07/2026,100,"Advises 22 private fund(s) — 5 PE, 13 hedge, $684M gross",100,87% of $42.5B RAUM is HNW,100,$42.5B total RAUM,100,97% of RAUM is discretionary,100,"Custody: Charles Schwab, Fidelity",50,RAUM unchanged since prior month (neutral),0,No retail-alts vocabulary on homepage
54,92.5,1,269931,PROFICIO CAPITAL PARTNERS LLC,NEWTON,MA,HTTP://PROFICIOCAP.COM,5.27,4.90,4.38,23,8,,04/27/2026,100,"Advises 8 private fund(s) — 2 real estate, $290M gross",100,83% of $5.3B RAUM is HNW,100,$5.3B total RAUM,100,93% of RAUM is discretionary,100,Custody: Fidelity,50,RAUM unchanged since prior month (neutral),0,No retail-alts vocabulary on homepage
55,92.5,1,286340,"EVERSOURCE WEALTH ADVISORS, LLC",BIRMINGHAM,AL,https://www.reinholdfinancial.com/,5.10,4.87,2.99,76,1,,04/13/2026,100,"Advises 1 private fund(s) — 1 real estate, $9M gross",100,59% of $5.1B RAUM is HNW,100,$5.1B total RAUM,100,96% of RAUM is discretionary,100,"Custody: Charles Schwab, Fidelity",50,RAUM unchanged since prior month (neutral),0,No retail-alts vocabulary on homepage
56,92.5,1,291902,"APOLLON WEALTH MANAGEMENT, LLC",MOUNT PLEASANT,SC,https://bridgemark.apollonwealth.com/,11.56,11.19,9.24,199,4,,03/31/2026,100,"Advises 4 private fund(s) — 1 hedge, $53M gross",100,80% of $11.6B RAUM is HNW,100,$11.6B total RAUM,100,97% of RAUM is discretionary,100,"Custody: Charles Schwab, Fidelity, Raymond James, Goldman Sachs Custody",50,RAUM unchanged since prior month (neutral),0,No retail-alts vocabulary on homepage
57,92.5,1,301925,"WILLIAMS JONES WEALTH MANAGEMENT, LLC",NEW YORK,NY,https://www.focusfinancialpartners.com,12.47,12.42,10.95,52,8,,04/30/2026,100,"Advises 8 private fund(s) — 7 hedge, $186M gross",100,88% of $12.5B RAUM is HNW,100,$12.5B total RAUM,100,100% of RAUM is discretionary,100,"Custody: Charles Schwab, Fidelity",50,RAUM unchanged since prior month (neutral),0,No retail-alts vocabulary on homepage
58,92.5,1,310873,"CW ADVISORS, LLC",BOSTON,MA,https://www.cwadvisorsgroup.com/,15.22,14.79,12.97,152,4,3,05/28/2026,100,"Advises 4 private fund(s) — 3 PE, $29M gross",100,85% of $15.2B RAUM is HNW,100,$15.2B total RAUM,100,97% of RAUM is discretionary,100,"Custody: Charles Schwab, Fidelity",50,RAUM unchanged since prior month (neutral),0,No retail-alts vocabulary on homepage
59,92.5,1,312837,"CAPITAL GROUP PRIVATE CLIENT SERVICES, INC.",LOS ANGELES,CA,https://www.instagram.com/capitalgroup/,42.71,38.53,31.59,189,1,,05/29/2026,100,"Advises 1 private fund(s), $111M gross",100,74% of $42.7B RAUM is HNW,100,$42.7B total RAUM,100,90% of RAUM is discretionary,100,"Custody: Pershing (BNY), State Street",50,RAUM unchanged since prior month (neutral),0,No retail-alts vocabulary on homepage
60,92.5,1,325281,FIRST MANHATTAN CO. LLC,NEW YORK,NY,https://www.instagram.com/_firstmanhattan/,38.09,35.66,33.28,147,9,4,04/01/2026,100,"Advises 9 private fund(s) — 4 PE, 3 hedge, $866M gross",100,87% of $38.1B RAUM is HNW,100,$38.1B total RAUM,100,94% of RAUM is discretionary,100,Custody: Pershing (BNY),50,RAUM unchanged since prior month (neutral),0,No retail-alts vocabulary on homepage
61,92.4,0.85,119278,"HAMLIN CAPITAL MANAGEMENT, LLC",NEW YORK,NY,HTTP://WWW.HAMLINCM.COM,8.71,8.71,3.78,24,2,,03/23/2026,100,"Advises 2 private fund(s), $437M gross",87,43% of $8.7B RAUM is HNW,100,$8.7B total RAUM,100,100% of RAUM is discretionary,,Custodians not yet extracted (stage 3),50,RAUM unchanged since prior month (neutral),,Website not yet scanned (stage 3)
62,92.4,1,285645,"SEPIO CAPITAL, LP",SALT LAKE CITY,UT,HTTP://WWW.SEPIOCAP.COM,5.64,5.04,4.15,31,10,6,04/27/2026,100,"Advises 10 private fund(s) — 6 PE, 1 hedge, 2 real estate, $368M gross",100,74% of $5.6B RAUM is HNW,100,$5.6B total RAUM,99,89% of RAUM is discretionary,100,Custody: Fidelity,50,RAUM unchanged since prior month (neutral),0,No retail-alts vocabulary on homepage
63,92.2,0.85,120642,"ALTAIR ADVISERS, LLC",CHICAGO,IL,HTTPS://WWW.ALTAIRADVISERS.COM/,9.76,5.15,6.30,75,1,1,03/31/2026,100,"Advises 1 private fund(s) — 1 PE, $56M gross",100,65% of $9.8B RAUM is HNW,100,$9.8B total RAUM,59,53% of RAUM is discretionary,,Custodians not yet extracted (stage 3),50,RAUM unchanged since prior month (neutral),,Website not yet scanned (stage 3)
64,92.2,1,122258,SCS CAPITAL MANAGEMENT LLC,BOSTON,MA,HTTPS://WWW.FOCUSFINANCIALPARTNERS.COM,48.65,42.29,30.39,213,60,46,03/19/2026,100,"Advises 60 private fund(s) — 46 PE, 6 hedge, $16.8B gross",100,62% of $48.7B RAUM is HNW,100,$48.7B total RAUM,97,87% of RAUM is discretionary,100,"Custody: Charles Schwab, Fidelity, Pershing (BNY)",50,RAUM unchanged since prior month (neutral),0,No retail-alts vocabulary on homepage
65,92.1,1,29278,"BELLE HAVEN INVESTMENTS, L.P.",RYE BROOK,NY,HTTPS://X.COM/BELLEHAVENINV,23.32,23.32,11.52,47,1,,03/26/2026,100,"Advises 1 private fund(s), $18M gross",99,49% of $23.3B RAUM is HNW,100,$23.3B total RAUM,100,100% of RAUM is discretionary,100,"Custody: Charles Schwab, Fidelity, Pershing (BNY), LPL Financial",50,RAUM unchanged since prior month (neutral),0,No retail-alts vocabulary on homepage
66,92,1,147189,"TIEDEMANN ADVISORS, LLC",NEW YORK,NY,https://www.linkedin.com/company/tiedemann-advisors/,31.01,26.45,24.10,182,23,11,04/28/2026,100,"Advises 23 private fund(s) — 11 PE, 7 hedge, 4 real estate, $4.5B gross",100,78% of $31.0B RAUM is HNW,100,$31.0B total RAUM,95,85% of RAUM is discretionary,100,"Custody: Charles Schwab, Fidelity, Pershing (BNY)",50,RAUM unchanged since prior month (neutral),0,No retail-alts vocabulary on homepage
67,91.9,1,115332,"WAVERLY ADVISORS, LLC",BIRMINGHAM,AL,HTTPS://WWW.WAVERLY-ADVISORS.COM,29.78,25.13,17.41,414,19,7,03/31/2026,100,"Advises 19 private fund(s) — 7 PE, 1 hedge, 5 real estate, $1.8B gross",100,58% of $29.8B RAUM is HNW,100,$29.8B total RAUM,94,84% of RAUM is discretionary,100,"Custody: Charles Schwab, Fidelity",50,RAUM unchanged since prior month (neutral),0,No retail-alts vocabulary on homepage
68,91.9,1,118333,SILVERCREST ASSET MANAGEMENT GROUP LLC,NEW YORK,NY,https://www.youtube.com/@silvercrestassetmanagement,28.33,23.84,18.93,175,12,,03/31/2026,100,"Advises 12 private fund(s) — 7 hedge, $523M gross",100,67% of $28.3B RAUM is HNW,100,$28.3B total RAUM,94,84% of RAUM is discretionary,100,"Custody: Charles Schwab, Pershing (BNY)",50,RAUM unchanged since prior month (neutral),0,No retail-alts vocabulary on homepage
69,91.8,0.85,728,ROTHSCHILD INVESTMENT,CHICAGO,IL,https://rothschildwealth.com/,2.79,2.79,2.36,39,1,,03/30/2026,100,"Advises 1 private fund(s), $2M gross",100,84% of $2.8B RAUM is HNW,70,$2.8B total RAUM,100,100% of RAUM is discretionary,,Custodians not yet extracted (stage 3),50,RAUM unchanged since prior month (neutral),,Website not yet scanned (stage 3)
70,91.8,0.85,5845,"ARS INVESTMENT PARTNERS, LLC",NEW YORK,NY,HTTPS://WWW.LINKEDIN.COM/COMPANY/ARSINVESTMENTPARTNERSLLC/,2.71,2.47,1.94,18,2,,04/27/2026,100,"Advises 2 private fund(s) — 1 hedge, $20M gross",100,72% of $2.7B RAUM is HNW,70,$2.7B total RAUM,100,91% of RAUM is discretionary,,Custodians not yet extracted (stage 3),50,RAUM unchanged since prior month (neutral),,Website not yet scanned (stage 3)
71,91.8,0.85,104726,HOWLAND CAPITAL MANAGEMENT LLC,BOSTON,MA,https://www.linkedin.com/company/howland-capital/,3.74,3.74,1.92,35,6,,03/31/2026,100,"Advises 6 private fund(s), $36M gross",100,51% of $3.7B RAUM is HNW,70,$3.7B total RAUM,100,100% of RAUM is discretionary,,Custodians not yet extracted (stage 3),50,RAUM unchanged since prior month (neutral),,Website not yet scanned (stage 3)
72,91.8,0.85,104952,TOTH FINANCIAL ADVISORY CORP,LEESBURG,VA,HTTPS://WWW.TOTHFINANCIAL.COM,1.15,1.14,0.98,18,1,,03/10/2026,100,"Advises 1 private fund(s) — 1 hedge, $38M gross",100,85% of $1.2B RAUM is HNW,70,$1.2B total RAUM,100,99% of RAUM is discretionary,,Custodians not yet extracted (stage 3),50,RAUM unchanged since prior month (neutral),,Website not yet scanned (stage 3)
73,91.8,0.85,105004,"SCHWERIN BOYLE CAPITAL MANAGEMENT, INC",SPRINGFIELD,MA,,1.21,1.21,0.62,6,1,,03/20/2026,100,"Advises 1 private fund(s) — 1 hedge, $270M gross",100,51% of $1.2B RAUM is HNW,70,$1.2B total RAUM,100,100% of RAUM is discretionary,,Custodians not yet extracted (stage 3),50,RAUM unchanged since prior month (neutral),,Website not yet scanned (stage 3)
74,91.8,0.85,105303,"OXFORD FINANCIAL GROUP, LTD",CARMEL,IN,HTTP://WWW.OFGLTD.COM,23.33,11.54,13.85,156,48,34,03/31/2026,100,"Advises 48 private fund(s) — 34 PE, 7 hedge, 3 real estate, $3.4B gross",100,59% of $23.3B RAUM is HNW,100,$23.3B total RAUM,55,49% of RAUM is discretionary,,Custodians not yet extracted (stage 3),50,RAUM unchanged since prior month (neutral),,Website not yet scanned (stage 3)
75,91.8,0.85,105343,"BALDWIN WEALTH PARTNERS, LLC",MARION,MA,https://www.baldwinbrothersinc.com,2.33,2.33,1.99,34,1,,05/01/2026,100,"Advises 1 private fund(s), $12M gross",100,85% of $2.3B RAUM is HNW,70,$2.3B total RAUM,100,100% of RAUM is discretionary,,Custodians not yet extracted (stage 3),50,RAUM unchanged since prior month (neutral),,Website not yet scanned (stage 3)
76,91.8,0.85,105899,TIMUCUAN ASSET MANAGEMENT INC,JACKSONVILLE,FL,HTTP://WWW.TIMUCUAN.COM,3.81,3.58,2.72,10,1,,03/19/2026,100,"Advises 1 private fund(s) — 1 hedge, $872M gross",100,71% of $3.8B RAUM is HNW,70,$3.8B total RAUM,100,94% of RAUM is discretionary,,Custodians not yet extracted (stage 3),50,RAUM unchanged since prior month (neutral),,Website not yet scanned (stage 3)
77,91.8,0.85,105910,"LEE FINANCIAL COMPANY, LLC",DALLAS,TX,https://www.linkedin.com/company/leefinancialadvisor,1.68,1.65,1.47,39,4,2,03/31/2026,100,"Advises 4 private fund(s) — 2 PE, 1 hedge, 1 real estate, $14M gross",100,88% of $1.7B RAUM is HNW,70,$1.7B total RAUM,100,98% of RAUM is discretionary,,Custodians not yet extracted (stage 3),50,RAUM unchanged since prior month (neutral),,Website not yet scanned (stage 3)
78,91.8,0.85,105957,ALBION FINANCIAL GROUP,SALT LAKE CITY,UT,HTTP://WWW.ALBIONFINANCIAL.COM,2.01,1.91,1.53,31,3,,03/25/2026,100,"Advises 3 private fund(s), $4M gross",100,76% of $2.0B RAUM is HNW,70,$2.0B total RAUM,100,95% of RAUM is discretionary,,Custodians not yet extracted (stage 3),50,RAUM unchanged since prior month (neutral),,Website not yet scanned (stage 3)
79,91.8,0.85,106030,"NIGHT OWL CAPITAL MANAGEMENT, LLC",GREENWICH,CT,HTTP://NIGHTOWLCAPITAL.COM,1.10,1.10,0.72,8,1,,03/31/2026,100,"Advises 1 private fund(s) — 1 hedge, $186M gross",100,66% of $1.1B RAUM is HNW,70,$1.1B total RAUM,100,100% of RAUM is discretionary,,Custodians not yet extracted (stage 3),50,RAUM unchanged since prior month (neutral),,Website not yet scanned (stage 3)
80,91.8,0.85,106275,FRANKLIN STREET ADVISORS INC.,CHAPEL HILL,NC,HTTP://WWW.FRANKLIN-STREET.COM/,4.53,4.53,3.60,40,5,,05/22/2026,100,"Advises 5 private fund(s), $154M gross",100,79% of $4.5B RAUM is HNW,70,$4.5B total RAUM,100,100% of RAUM is discretionary,,Custodians not yet extracted (stage 3),50,RAUM unchanged since prior month (neutral),,Website not yet scanned (stage 3)
81,91.8,0.85,106993,CONNORS INVESTOR SERVICES INC,WYOMISSING,PA,HTTPS://WWW.LINKEDIN.COM/COMPANY/CONNORS-INVESTOR-SERVICES-INC./,1.28,1.28,0.78,10,9,,03/31/2026,100,"Advises 9 private fund(s) — 1 hedge, $147M gross",100,61% of $1.3B RAUM is HNW,70,$1.3B total RAUM,100,100% of RAUM is discretionary,,Custodians not yet extracted (stage 3),50,RAUM unchanged since prior month (neutral),,Website not yet scanned (stage 3)
82,91.8,0.85,107118,STALEY CAPITAL ADVISERS INC,PITTSBURGH,PA,https://www.linkedin.com/company/staley-capital-advisers-inc.,3.11,3.11,2.56,15,1,,03/31/2026,100,"Advises 1 private fund(s) — 1 hedge, $82M gross",100,82% of $3.1B RAUM is HNW,70,$3.1B total RAUM,100,100% of RAUM is discretionary,,Custodians not yet extracted (stage 3),50,RAUM unchanged since prior month (neutral),,Website not yet scanned (stage 3)
83,91.8,0.85,107447,E. S. BARR & COMPANY,LEXINGTON,KY,HTTP://WWW.ESBARR.COM,2.22,2.22,1.74,6,1,,03/30/2026,100,"Advises 1 private fund(s) — 1 hedge, $48M gross",100,79% of $2.2B RAUM is HNW,70,$2.2B total RAUM,100,100% of RAUM is discretionary,,Custodians not yet extracted (stage 3),50,RAUM unchanged since prior month (neutral),,Website not yet scanned (stage 3)
84,91.8,0.85,107548,SFMG WEALTH ADVISORS,PLANO,TX,HTTP://WWW.SFMG.COM,2.96,2.67,2.57,39,1,,03/13/2026,100,"Advises 1 private fund(s), $376,821 gross",100,87% of $3.0B RAUM is HNW,70,$3.0B total RAUM,100,90% of RAUM is discretionary,,Custodians not yet extracted (stage 3),50,RAUM unchanged since prior month (neutral),,Website not yet scanned (stage 3)
85,91.8,0.85,107563,GHP INVESTMENT ADVISORS INC,DENVER,CO,http://www.youtube.com/channel/UCOFdLaa3EJUueyKDGqJegfw,3.06,2.99,2.70,25,1,,03/24/2026,100,"Advises 1 private fund(s) — 1 hedge, $10M gross",100,88% of $3.1B RAUM is HNW,70,$3.1B total RAUM,100,97% of RAUM is discretionary,,Custodians not yet extracted (stage 3),50,RAUM unchanged since prior month (neutral),,Website not yet scanned (stage 3)
86,91.8,0.85,107649,MG FINANCIAL LLC,BRAINTREE,MA,HTTPS://WWW.MGFINANCIAL.COM,1.13,1.13,1.02,9,21,20,03/24/2026,100,"Advises 21 private fund(s) — 20 PE, 1 hedge, $93M gross",100,91% of $1.1B RAUM is HNW,70,$1.1B total RAUM,100,100% of RAUM is discretionary,,Custodians not yet extracted (stage 3),50,RAUM unchanged since prior month (neutral),,Website not yet scanned (stage 3)
87,91.8,0.85,107794,PARTHENON LLC,LOUISVILLE,KY,HTTP://WWW.PARTHENONLLC.COM,1.22,1.20,1.07,7,1,,01/21/2026,100,"Advises 1 private fund(s) — 1 hedge, $18M gross",100,88% of $1.2B RAUM is HNW,70,$1.2B total RAUM,100,99% of RAUM is discretionary,,Custodians not yet extracted (stage 3),50,RAUM unchanged since prior month (neutral),,Website not yet scanned (stage 3)
88,91.8,0.85,107978,"HOWARD FINANCIAL SERVICES, LTD.",DALLAS,TX,HTTP://WWW.HFS-WM.COM,1.40,1.40,1.12,24,31,,03/31/2026,100,"Advises 31 private fund(s) — 1 hedge, 20 real estate, $224M gross",100,80% of $1.4B RAUM is HNW,70,$1.4B total RAUM,100,100% of RAUM is discretionary,,Custodians not yet extracted (stage 3),50,RAUM unchanged since prior month (neutral),,Website not yet scanned (stage 3)
89,91.8,0.85,107994,"ABACUS PLANNING GROUP, INC.",COLUMBIA,SC,https://x.com/GroupAbacus/status/1035177782190329856?mx=2,2.16,2.07,1.95,30,5,5,04/13/2026,100,"Advises 5 private fund(s) — 5 PE, $12M gross",100,91% of $2.2B RAUM is HNW,70,$2.2B total RAUM,100,96% of RAUM is discretionary,,Custodians not yet extracted (stage 3),50,RAUM unchanged since prior month (neutral),,Website not yet scanned (stage 3)
90,91.8,0.85,108100,OSBORNE PARTNERS,SAN FRANCISCO,CA,HTTPS://WWW.LINKEDIN.COM/COMPANY/OSBORNE-PARTNERS-CAPITAL-MANAGEMENT/,2.65,2.61,2.16,18,1,,05/01/2026,100,"Advises 1 private fund(s) — 1 hedge, $4M gross",100,82% of $2.7B RAUM is HNW,70,$2.7B total RAUM,100,98% of RAUM is discretionary,,Custodians not yet extracted (stage 3),50,RAUM unchanged since prior month (neutral),,Website not yet scanned (stage 3)
91,91.8,0.85,108676,HCR WEALTH ADVISORS,LOS ANGELES,CA,HTTPS://WWW.FACEBOOK.COM/HCRWEALTH/,1.96,1.96,1.80,20,1,,04/29/2026,100,"Advises 1 private fund(s) — 1 real estate, $2M gross",100,92% of $2.0B RAUM is HNW,70,$2.0B total RAUM,100,100% of RAUM is discretionary,,Custodians not yet extracted (stage 3),50,RAUM unchanged since prior month (neutral),,Website not yet scanned (stage 3)
92,91.8,0.85,109001,CAPITAL COUNSEL LLC,NEW YORK,NY,https://capitalcounsel.com,2.87,2.86,2.24,13,3,,03/31/2026,100,"Advises 3 private fund(s), $404M gross",100,78% of $2.9B RAUM is HNW,70,$2.9B total RAUM,100,100% of RAUM is discretionary,,Custodians not yet extracted (stage 3),50,RAUM unchanged since prior month (neutral),,Website not yet scanned (stage 3)
93,91.8,0.85,109116,HAMILTON CAPITAL,COLUMBUS,OH,HTTPS://WWW.LINKEDIN.COM/COMPANY/HAMILTON-CAPITAL-MANAGEMENT/MYCOMPANY/,4.94,4.85,3.59,90,2,,04/21/2026,100,"Advises 2 private fund(s) — 2 real estate, $18M gross",100,73% of $4.9B RAUM is HNW,70,$4.9B total RAUM,100,98% of RAUM is discretionary,,Custodians not yet extracted (stage 3),50,RAUM unchanged since prior month (neutral),,Website not yet scanned (stage 3)
94,91.8,0.85,110003,MANCHESTER CAPITAL MANAGEMENT LLC,MANCHESTER,VT,HTTP://WWW.MCMLLC.COM,2.83,2.77,2.20,38,16,4,03/30/2026,100,"Advises 16 private fund(s) — 4 PE, 4 hedge, $515M gross",100,78% of $2.8B RAUM is HNW,70,$2.8B total RAUM,100,98% of RAUM is discretionary,,Custodians not yet extracted (stage 3),50,RAUM unchanged since prior month (neutral),,Website not yet scanned (stage 3)
95,91.8,0.85,110026,"S & CO., INC.",BOSTON,MA,,2.46,2.46,1.45,15,6,,03/31/2026,100,"Advises 6 private fund(s), $821M gross",100,59% of $2.5B RAUM is HNW,70,$2.5B total RAUM,100,100% of RAUM is discretionary,,Custodians not yet extracted (stage 3),50,RAUM unchanged since prior month (neutral),,Website not yet scanned (stage 3)
96,91.8,0.85,110129,SIERRA CAPITAL LLC,MIAMI,FL,HTTPS://WWW.SIERRACAP.COM,1.61,1.54,1.53,8,2,,03/27/2026,100,"Advises 2 private fund(s), $3M gross",100,95% of $1.6B RAUM is HNW,70,$1.6B total RAUM,100,96% of RAUM is discretionary,,Custodians not yet extracted (stage 3),50,RAUM unchanged since prior month (neutral),,Website not yet scanned (stage 3)
97,91.8,0.85,110130,ALTFEST PERSONAL WEALTH MANAGEMENT,NEW YORK,NY,https://www.linkedin.com/company/altfestpersonalwealthmanagement/,1.80,1.80,1.64,42,1,,03/04/2026,100,"Advises 1 private fund(s) — 1 hedge, $13M gross",100,91% of $1.8B RAUM is HNW,70,$1.8B total RAUM,100,100% of RAUM is discretionary,,Custodians not yet extracted (stage 3),50,RAUM unchanged since prior month (neutral),,Website not yet scanned (stage 3)
98,91.8,0.85,110270,FMP WEALTH ADVISERS,AUSTIN,TX,HTTPS://WWW.FMPROFESSIONALS.COM/,1.34,1.31,0.99,14,2,,03/27/2026,100,"Advises 2 private fund(s) — 1 hedge, 1 real estate, $45M gross",100,74% of $1.3B RAUM is HNW,70,$1.3B total RAUM,100,98% of RAUM is discretionary,,Custodians not yet extracted (stage 3),50,RAUM unchanged since prior month (neutral),,Website not yet scanned (stage 3)
99,91.8,0.85,110347,KNIGHTSBRIDGE WEALTH MANAGEMENT,NEWPORT BEACH,CA,HTTP://WWW.KNIGHTSB.COM,1.12,1.03,0.90,13,1,,03/31/2026,100,"Advises 1 private fund(s) — 1 hedge, $31M gross",100,81% of $1.1B RAUM is HNW,70,$1.1B total RAUM,100,92% of RAUM is discretionary,,Custodians not yet extracted (stage 3),50,RAUM unchanged since prior month (neutral),,Website not yet scanned (stage 3)
100,91.8,0.85,110379,"GREENWOOD GEARHART, LLC",FAYETTEVILLE,AR,https://www.facebook.com/greenwoodgearhart,1.97,1.97,1.65,26,1,1,05/20/2026,100,"Advises 1 private fund(s) — 1 PE, $5M gross",100,84% of $2.0B RAUM is HNW,70,$2.0B total RAUM,100,100% of RAUM is discretionary,,Custodians not yet extracted (stage 3),50,RAUM unchanged since prior month (neutral),,Website not yet scanned (stage 3)
101,91.8,0.85,111740,"ABUNDANCE WEALTH COUNSELORS, LLC",STATE COLLEGE,PA,HTTP://WWW.ABUNDANCELLC.COM,1.56,1.56,1.03,30,2,,02/23/2026,100,"Advises 2 private fund(s) — 2 hedge, $74M gross",100,66% of $1.6B RAUM is HNW,70,$1.6B total RAUM,100,100% of RAUM is discretionary,,Custodians not yet extracted (stage 3),50,RAUM unchanged since prior month (neutral),,Website not yet scanned (stage 3)
102,91.8,0.85,112112,STANLEY-LAMAN GROUP LTD.,BERWYN,PA,HTTPS://WWW.FACEBOOK.COM/STANLEYLAMANGROUP/,1.02,0.96,0.74,24,1,,04/27/2026,100,"Advises 1 private fund(s) — 1 hedge, $125M gross",100,72% of $1.0B RAUM is HNW,70,$1.0B total RAUM,100,94% of RAUM is discretionary,,Custodians not yet extracted (stage 3),50,RAUM unchanged since prior month (neutral),,Website not yet scanned (stage 3)
103,91.8,0.85,112337,OAKMONT CORPORATION,LOS ANGELES,CA,https://www.linkedin.com/company/oakmont-corporation/,2.22,2.16,1.48,35,13,7,03/31/2026,100,"Advises 13 private fund(s) — 7 PE, 1 hedge, 1 real estate, $488M gross",100,67% of $2.2B RAUM is HNW,70,$2.2B total RAUM,100,97% of RAUM is discretionary,,Custodians not yet extracted (stage 3),50,RAUM unchanged since prior month (neutral),,Website not yet scanned (stage 3)
104,91.8,0.85,115700,TOWER BRIDGE ADVISORS,WEST CONSHOHOCKEN,PA,HTTP://WWW.TOWERBRIDGEADVISORS.COM,1.49,1.46,1.17,14,2,,01/23/2026,100,"Advises 2 private fund(s) — 2 hedge, $20M gross",100,78% of $1.5B RAUM is HNW,70,$1.5B total RAUM,100,98% of RAUM is discretionary,,Custodians not yet extracted (stage 3),50,RAUM unchanged since prior month (neutral),,Website not yet scanned (stage 3)
105,91.8,0.85,116574,SAGE FINANCIAL GROUP INC.,WEST CONSHOHOCKEN,PA,HTTPS://WWW.LINKEDIN.COM/COMPANY/70394,4.29,3.91,3.98,28,4,,05/19/2026,100,"Advises 4 private fund(s) — 4 real estate, $87M gross",100,93% of $4.3B RAUM is HNW,70,$4.3B total RAUM,100,91% of RAUM is discretionary,,Custodians not yet extracted (stage 3),50,RAUM unchanged since prior month (neutral),,Website not yet scanned (stage 3)
106,91.8,0.85,117962,"PUNCH & ASSOCIATES INVESTMENT MANAGEMENT, INC.",EDINA,MN,https://www.linkedin.com/company/punch-&-associates-investment-management-inc-/posts/?feedView=all,2.03,2.03,1.35,34,2,,04/30/2026,100,"Advises 2 private fund(s) — 2 hedge, $387M gross",100,66% of $2.0B RAUM is HNW,70,$2.0B total RAUM,100,100% of RAUM is discretionary,,Custodians not yet extracted (stage 3),50,RAUM unchanged since prior month (neutral),,Website not yet scanned (stage 3)
107,91.8,0.85,119174,"WALLACE CAPITAL MANAGEMENT, INC.",DALLAS,TX,,1.49,1.46,0.91,7,1,,03/31/2026,100,"Advises 1 private fund(s) — 1 hedge, $143M gross",100,61% of $1.5B RAUM is HNW,70,$1.5B total RAUM,100,98% of RAUM is discretionary,,Custodians not yet extracted (stage 3),50,RAUM unchanged since prior month (neutral),,Website not yet scanned (stage 3)
108,91.8,0.85,119193,"SAX WEALTH ADVISORS, LLC",PARSIPPANY,NJ,HTTPS://WWW.LINKEDIN.COM/COMPANY/SAX-WEALTH-ADVISORS-LLC/,3.60,3.49,2.85,39,1,,05/20/2026,100,"Advises 1 private fund(s), $19M gross",100,79% of $3.6B RAUM is HNW,70,$3.6B total RAUM,100,97% of RAUM is discretionary,,Custodians not yet extracted (stage 3),50,RAUM unchanged since prior month (neutral),,Website not yet scanned (stage 3)
109,91.8,0.85,122266,"WINDSOR ADVISORY GROUP, LLC",COLUMBUS,OH,https://www.linkedin.com/company/Windsor-advisory-group/about/,2.92,2.88,2.29,22,4,,03/26/2026,100,"Advises 4 private fund(s), $271M gross",100,78% of $2.9B RAUM is HNW,70,$2.9B total RAUM,100,99% of RAUM is discretionary,,Custodians not yet extracted (stage 3),50,RAUM unchanged since prior month (neutral),,Website not yet scanned (stage 3)
110,91.8,0.85,122328,"GIBRALTAR CAPITAL MANAGEMENT, INC.",TULSA,OK,http://www.gibraltar-capital.com,1.35,1.34,1.03,31,4,,05/13/2026,100,"Advises 4 private fund(s) — 4 real estate, $121M gross",100,76% of $1.3B RAUM is HNW,70,$1.3B total RAUM,100,100% of RAUM is discretionary,,Custodians not yet extracted (stage 3),50,RAUM unchanged since prior month (neutral),,Website not yet scanned (stage 3)
111,91.8,0.85,127186,AVIDIAN WEALTH SOLUTIONS,HOUSTON,TX,HTTPS://WWW.AVIDIANWEALTH.COM,4.76,4.58,4.35,59,7,2,03/30/2026,100,"Advises 7 private fund(s) — 2 PE, 1 hedge, 1 real estate, $28M gross",100,91% of $4.8B RAUM is HNW,70,$4.8B total RAUM,100,96% of RAUM is discretionary,,Custodians not yet extracted (stage 3),50,RAUM unchanged since prior month (neutral),,Website not yet scanned (stage 3)
112,91.8,0.85,127207,THE INSTITUTE,DENVER,CO,https://www.facebook.com/retirementriskadvisors/,1.37,1.36,1.19,22,2,1,03/24/2026,100,"Advises 2 private fund(s) — 1 PE, 1 hedge, $28M gross",100,87% of $1.4B RAUM is HNW,70,$1.4B total RAUM,100,99% of RAUM is discretionary,,Custodians not yet extracted (stage 3),50,RAUM unchanged since prior month (neutral),,Website not yet scanned (stage 3)
113,91.8,0.85,127616,ELGETHUN CAPITAL MANAGEMENT,SIOUX FALLS,SD,HTTP://WWW.ELGETHUNCAPITALMANAGEMENT.COM,1.14,1.14,0.98,13,2,,03/27/2026,100,"Advises 2 private fund(s) — 1 hedge, $86M gross",100,86% of $1.1B RAUM is HNW,70,$1.1B total RAUM,100,100% of RAUM is discretionary,,Custodians not yet extracted (stage 3),50,RAUM unchanged since prior month (neutral),,Website not yet scanned (stage 3)
114,91.8,0.85,127902,"KEEL POINT, LLC",HUNTSVILLE,AL,HTTPS://WWW.FACEBOOK.COM/KEELPOINTLLC,3.46,3.23,2.52,76,2,1,05/29/2025,100,"Advises 2 private fund(s) — 1 PE, 1 hedge, $34M gross",100,73% of $3.5B RAUM is HNW,70,$3.5B total RAUM,100,93% of RAUM is discretionary,,Custodians not yet extracted (stage 3),50,RAUM unchanged since prior month (neutral),,Website not yet scanned (stage 3)
115,91.8,0.85,128590,ABACUS WEALTH PARTNERS,SANTA MONICA,CA,https://www.doneby60.com,3.58,3.57,2.83,65,1,1,05/13/2026,100,"Advises 1 private fund(s) — 1 PE, $12M gross",100,79% of $3.6B RAUM is HNW,70,$3.6B total RAUM,100,100% of RAUM is discretionary,,Custodians not yet extracted (stage 3),50,RAUM unchanged since prior month (neutral),,Website not yet scanned (stage 3)
116,91.8,0.85,131458,"WATTS GWILLIAM & COMPANY, LLC",GILBERT,AZ,HTTP://WWW.WATTSGWILLIAM.COM,1.03,1.03,0.97,9,3,1,05/07/2026,100,"Advises 3 private fund(s) — 1 PE, 2 real estate, $8M gross",100,94% of $1.0B RAUM is HNW,70,$1.0B total RAUM,100,100% of RAUM is discretionary,,Custodians not yet extracted (stage 3),50,RAUM unchanged since prior month (neutral),,Website not yet scanned (stage 3)
117,91.8,0.85,135879,"ALLEN CAPITAL GROUP, LLC",GRAND ISLAND,NE,HTTPS://WWW.ALLENCAPGROUP.COM,1.50,1.50,0.99,38,2,,03/31/2026,100,"Advises 2 private fund(s) — 2 real estate, $6M gross",100,66% of $1.5B RAUM is HNW,70,$1.5B total RAUM,100,100% of RAUM is discretionary,,Custodians not yet extracted (stage 3),50,RAUM unchanged since prior month (neutral),,Website not yet scanned (stage 3)
118,91.8,0.85,137484,HERITAGE WEALTH ADVISORS,RICHMOND,VA,HTTPS://WWW.LINKEDIN.COM/COMPANY/HERITAGE-WEALTH-ADVISORS/,4.86,4.71,2.61,36,9,,05/01/2026,100,"Advises 9 private fund(s), $255M gross",100,54% of $4.9B RAUM is HNW,70,$4.9B total RAUM,100,97% of RAUM is discretionary,,Custodians not yet extracted (stage 3),50,RAUM unchanged since prior month (neutral),,Website not yet scanned (stage 3)
119,91.8,0.85,137785,ZUCKERMAN INVESTMENT GROUP,CHICAGO,IL,HTTPS://WWW.LINKEDIN.COM/COMPANY/ZUCKERMAN-INVESTMENT-GROUP/,2.17,2.12,1.99,15,1,1,03/30/2026,100,"Advises 1 private fund(s) — 1 PE, $39M gross",100,92% of $2.2B RAUM is HNW,70,$2.2B total RAUM,100,98% of RAUM is discretionary,,Custodians not yet extracted (stage 3),50,RAUM unchanged since prior month (neutral),,Website not yet scanned (stage 3)
120,91.8,0.85,138538,"MARBLE HARBOR INVESTMENT COUNSEL, LLC",BOSTON,MA,HTTPS://linkedin.com/company/marble-harbor-investment-counsel-llc,1.32,1.32,1.26,10,2,2,03/25/2026,100,"Advises 2 private fund(s) — 2 PE, $3M gross",100,95% of $1.3B RAUM is HNW,70,$1.3B total RAUM,100,100% of RAUM is discretionary,,Custodians not yet extracted (stage 3),50,RAUM unchanged since prior month (neutral),,Website not yet scanned (stage 3)
121,91.8,0.85,141250,MORTON WEALTH,CALABASAS,CA,https://instagram.com/herself_by_morton,3.47,3.43,2.73,58,1,,05/05/2026,100,"Advises 1 private fund(s), $7M gross",100,79% of $3.5B RAUM is HNW,70,$3.5B total RAUM,100,99% of RAUM is discretionary,,Custodians not yet extracted (stage 3),50,RAUM unchanged since prior month (neutral),,Website not yet scanned (stage 3)
122,91.8,0.85,142359,CORNERSTONE ADVISORY,HUNT VALLEY,MD,HTTP://WWW.CORNERSTONEADVISORY.COM/,2.25,2.25,1.85,19,1,,03/24/2026,100,"Advises 1 private fund(s) — 1 hedge, $30M gross",100,82% of $2.2B RAUM is HNW,70,$2.2B total RAUM,100,100% of RAUM is discretionary,,Custodians not yet extracted (stage 3),50,RAUM unchanged since prior month (neutral),,Website not yet scanned (stage 3)
123,91.8,0.85,143588,"VERIS WEALTH PARTNERS, LLC",OAKLAND,CA,HTTPS://TWITTER.COM/VERISWEALTH,2.86,2.69,2.27,31,1,,03/17/2026,100,"Advises 1 private fund(s), $124M gross",100,79% of $2.9B RAUM is HNW,70,$2.9B total RAUM,100,94% of RAUM is discretionary,,Custodians not yet extracted (stage 3),50,RAUM unchanged since prior month (neutral),,Website not yet scanned (stage 3)
124,91.8,0.85,143608,"JAFFE TILCHIN INVESTMENT PARTNERS, LLC",TAMPA,FL,HTTP://WWW.JAFFETILCHIN.COM,2.45,2.25,1.35,39,1,1,05/12/2026,100,"Advises 1 private fund(s) — 1 PE, $2M gross",100,55% of $2.4B RAUM is HNW,70,$2.4B total RAUM,100,92% of RAUM is discretionary,,Custodians not yet extracted (stage 3),50,RAUM unchanged since prior month (neutral),,Website not yet scanned (stage 3)
125,91.8,0.85,144481,ARGOS WEALTH ADVISORS LLC,,,HTTP://WWW.ARGOSWEALTH.COM,1.04,1.00,0.77,11,1,,05/11/2026,100,"Advises 1 private fund(s), $32M gross",100,74% of $1.0B RAUM is HNW,70,$1.0B total RAUM,100,96% of RAUM is discretionary,,Custodians not yet extracted (stage 3),50,RAUM unchanged since prior month (neutral),,Website not yet scanned (stage 3)
126,91.8,0.85,145363,"REGATTA CAPITAL GROUP, LLC",EL SEGUNDO,CA,https://www.linkedin.com/company/regatta-capital-group/,1.55,1.43,1.14,18,4,,03/10/2026,100,"Advises 4 private fund(s), $15M gross",100,73% of $1.6B RAUM is HNW,70,$1.6B total RAUM,100,92% of RAUM is discretionary,,Custodians not yet extracted (stage 3),50,RAUM unchanged since prior month (neutral),,Website not yet scanned (stage 3)
127,91.8,0.85,145463,"BERKSHIRE ASSET MANAGEMENT, LLC",WILKES-BARRE,PA,HTTP://WWW.BERKSHIREASSET.COM/,2.79,2.68,2.36,11,2,,03/30/2026,100,"Advises 2 private fund(s) — 1 hedge, $28M gross",100,85% of $2.8B RAUM is HNW,70,$2.8B total RAUM,100,96% of RAUM is discretionary,,Custodians not yet extracted (stage 3),50,RAUM unchanged since prior month (neutral),,Website not yet scanned (stage 3)
128,91.8,0.85,147346,"ARCUS CAPITAL PARTNERS, LLC",ATLANTA,GA,HTTP://WWW.ARCUSCP.COM,2.51,2.31,1.81,15,2,,03/31/2026,100,"Advises 2 private fund(s), $7M gross",100,72% of $2.5B RAUM is HNW,70,$2.5B total RAUM,100,92% of RAUM is discretionary,,Custodians not yet extracted (stage 3),50,RAUM unchanged since prior month (neutral),,Website not yet scanned (stage 3)
129,91.8,0.85,148221,ROSEMAN WAGNER WEALTH MANAGEMENT,ROCKLIN,CA,https://www.rosemanwagner.com,1.54,1.54,1.19,8,1,,03/31/2026,100,"Advises 1 private fund(s) — 1 hedge, $182M gross",100,77% of $1.5B RAUM is HNW,70,$1.5B total RAUM,100,100% of RAUM is discretionary,,Custodians not yet extracted (stage 3),50,RAUM unchanged since prior month (neutral),,Website not yet scanned (stage 3)
130,91.8,0.85,150250,"IRONVIEW CAPITAL MANAGEMENT, LLC",CONSHOHOCKEN,PA,HTTPS://WWW.IRONVIEW.COM,1.39,1.37,1.11,12,1,1,03/31/2026,100,"Advises 1 private fund(s) — 1 PE, $14M gross",100,79% of $1.4B RAUM is HNW,70,$1.4B total RAUM,100,98% of RAUM is discretionary,,Custodians not yet extracted (stage 3),50,RAUM unchanged since prior month (neutral),,Website not yet scanned (stage 3)
131,91.8,0.85,151139,FORT SHERIDAN ADVISORS LLC,HIGHLAND PARK,IL,http://facebook.com/FortSheridanadvisorsllc.com,1.03,1.02,0.87,10,1,,04/28/2026,100,Advises 1 private fund(s) — 1 hedge,100,84% of $1.0B RAUM is HNW,70,$1.0B total RAUM,100,99% of RAUM is discretionary,,Custodians not yet extracted (stage 3),50,RAUM unchanged since prior month (neutral),,Website not yet scanned (stage 3)
132,91.8,0.85,152242,"CLEAR HARBOR ASSET MANAGEMENT, LLC",STAMFORD,CT,HTTPS://WWW.LINKEDIN.COM/COMPANY/CLEAR-HARBOR-ASSET-MANAGEMENT,2.05,2.05,1.73,24,1,,03/30/2026,100,"Advises 1 private fund(s) — 1 hedge, $28M gross",100,84% of $2.1B RAUM is HNW,70,$2.1B total RAUM,100,100% of RAUM is discretionary,,Custodians not yet extracted (stage 3),50,RAUM unchanged since prior month (neutral),,Website not yet scanned (stage 3)
133,91.8,0.85,153940,LM ADVISORS LLC,SAN DIEGO,CA,HTTP://WWW.LMADVISORS.COM,2.88,2.86,2.33,22,1,,03/30/2026,100,"Advises 1 private fund(s), $77M gross",100,81% of $2.9B RAUM is HNW,70,$2.9B total RAUM,100,100% of RAUM is discretionary,,Custodians not yet extracted (stage 3),50,RAUM unchanged since prior month (neutral),,Website not yet scanned (stage 3)
134,91.8,0.85,158940,CWA ASSET MANAGEMENT GROUP,NAPLES,FL,https://www.facebook.com/cwacares,4.51,4.27,3.91,67,3,,04/16/2026,100,"Advises 3 private fund(s) — 3 hedge, $24M gross",100,87% of $4.5B RAUM is HNW,70,$4.5B total RAUM,100,95% of RAUM is discretionary,,Custodians not yet extracted (stage 3),50,RAUM unchanged since prior month (neutral),,Website not yet scanned (stage 3)
135,91.8,0.85,160294,CLARO ADVISORS INC.,BOSTON,MA,https://claroadvisorspatrickmcnamara.com/,1.41,1.38,0.94,37,1,,04/30/2026,100,"Advises 1 private fund(s), $4M gross",100,67% of $1.4B RAUM is HNW,70,$1.4B total RAUM,100,98% of RAUM is discretionary,,Custodians not yet extracted (stage 3),50,RAUM unchanged since prior month (neutral),,Website not yet scanned (stage 3)
136,91.8,0.85,162442,ROTHSCHILD WEALTH LLC,OAKBROOK,IL,https://www.linkedin.com/companyRothschild-wealth-partners/posts/?feedView=all,1.70,1.69,1.29,27,2,,05/12/2026,100,"Advises 2 private fund(s), $15M gross",100,76% of $1.7B RAUM is HNW,70,$1.7B total RAUM,100,100% of RAUM is discretionary,,Custodians not yet extracted (stage 3),50,RAUM unchanged since prior month (neutral),,Website not yet scanned (stage 3)
137,91.8,0.85,162855,ASA MANAGED ACCOUNT MANAGERS LLC,MINNEAPOLIS,MN,HTTPS://WWW.ASALLC.COM,1.06,1.06,0.63,0,1,,03/30/2026,100,"Advises 1 private fund(s), $29M gross",100,60% of $1.1B RAUM is HNW,70,$1.1B total RAUM,100,100% of RAUM is discretionary,,Custodians not yet extracted (stage 3),50,RAUM unchanged since prior month (neutral),,Website not yet scanned (stage 3)
138,91.8,0.85,163493,THE INVESTMENT HOUSE LLC,REDONDO BEACH,CA,HTTPS://TIHLLC.COM,2.20,2.20,1.83,11,1,,03/16/2026,100,"Advises 1 private fund(s) — 1 hedge, $27M gross",100,83% of $2.2B RAUM is HNW,70,$2.2B total RAUM,100,100% of RAUM is discretionary,,Custodians not yet extracted (stage 3),50,RAUM unchanged since prior month (neutral),,Website not yet scanned (stage 3)
139,91.8,0.85,165168,"STEELPEAK WEALTH, LLC",WOODLAND HILLS,CA,HTTP://WWW.STEELPEAK.COM,4.15,4.10,3.23,84,3,1,03/25/2026,100,"Advises 3 private fund(s) — 1 PE, 1 hedge, $25M gross",100,78% of $4.1B RAUM is HNW,70,$4.1B total RAUM,100,99% of RAUM is discretionary,,Custodians not yet extracted (stage 3),50,RAUM unchanged since prior month (neutral),,Website not yet scanned (stage 3)
140,91.8,0.85,166593,"THE PORTFOLIO STRATEGY GROUP, LLC",WHITE PLAINS,NY,https://psgwealth.com/,2.62,2.61,2.03,15,1,,03/26/2026,100,"Advises 1 private fund(s) — 1 hedge, $48M gross",100,77% of $2.6B RAUM is HNW,70,$2.6B total RAUM,100,100% of RAUM is discretionary,,Custodians not yet extracted (stage 3),50,RAUM unchanged since prior month (neutral),,Website not yet scanned (stage 3)
141,91.8,0.85,167212,"FIRST LONG ISLAND INVESTORS, LLC",JERICHO,NY,https://www.linkedin.com/company/first-long-island-investors-llc/,1.86,1.86,1.12,24,9,1,03/31/2026,100,"Advises 9 private fund(s) — 1 PE, 5 hedge, $554M gross",100,60% of $1.9B RAUM is HNW,70,$1.9B total RAUM,100,100% of RAUM is discretionary,,Custodians not yet extracted (stage 3),50,RAUM unchanged since prior month (neutral),,Website not yet scanned (stage 3)
142,91.8,0.85,167225,ELM WEALTH,PHILADELPHIA,PA,https://twitter.com/elmpartners?lang=en,3.02,3.02,2.03,8,2,,03/29/2026,100,"Advises 2 private fund(s), $356M gross",100,67% of $3.0B RAUM is HNW,70,$3.0B total RAUM,100,100% of RAUM is discretionary,,Custodians not yet extracted (stage 3),50,RAUM unchanged since prior month (neutral),,Website not yet scanned (stage 3)
143,91.8,0.85,167497,SAVOIE CAPITAL LLC,CHICAGO,IL,HTTP://SAVOIECAPITAL.COM,1.32,1.32,1.32,3,1,,04/01/2026,100,"Advises 1 private fund(s) — 1 hedge, $119M gross",100,100% of $1.3B RAUM is HNW,70,$1.3B total RAUM,100,100% of RAUM is discretionary,,Custodians not yet extracted (stage 3),50,RAUM unchanged since prior month (neutral),,Website not yet scanned (stage 3)
144,91.8,0.85,169576,VENTURI PRIVATE WEALTH,AUSTIN,TX,HTTPS://WWW.LINKEDIN.COM/COMPANY/VENTURI-WEALTH-MANAGEMENT-LLC-,3.58,3.49,2.94,38,11,4,03/12/2026,100,"Advises 11 private fund(s) — 4 PE, 1 real estate, $291M gross",100,82% of $3.6B RAUM is HNW,70,$3.6B total RAUM,100,97% of RAUM is discretionary,,Custodians not yet extracted (stage 3),50,RAUM unchanged since prior month (neutral),,Website not yet scanned (stage 3)
145,91.8,0.85,169613,"FOURSTAR WEALTH ADVISORS, LLC",CHICAGO,IL,HTTP://TIMETO.PLANYOUREXITSTRATEGY.COM,1.42,1.42,0.97,48,2,,03/31/2026,100,"Advises 2 private fund(s), $8M gross",100,68% of $1.4B RAUM is HNW,70,$1.4B total RAUM,100,100% of RAUM is discretionary,,Custodians not yet extracted (stage 3),50,RAUM unchanged since prior month (neutral),,Website not yet scanned (stage 3)
146,91.8,0.85,170413,"SIVIA CAPITAL PARTNERS, LLC",MILL VALLEY,CA,HTTP://SIVIACAPITAL.COM,1.24,1.20,1.24,5,1,,03/30/2026,100,"Advises 1 private fund(s), $192,866 gross",100,100% of $1.2B RAUM is HNW,70,$1.2B total RAUM,100,97% of RAUM is discretionary,,Custodians not yet extracted (stage 3),50,RAUM unchanged since prior month (neutral),,Website not yet scanned (stage 3)
147,91.8,0.85,172103,FIDUCIARY FINANCIAL ADVISORS,GRAND RAPIDS,MI,https://www.instagram.com/fiduciary_financial_advisors,1.33,1.33,0.96,50,2,,04/14/2026,100,"Advises 2 private fund(s), $17M gross",100,72% of $1.3B RAUM is HNW,70,$1.3B total RAUM,100,100% of RAUM is discretionary,,Custodians not yet extracted (stage 3),50,RAUM unchanged since prior month (neutral),,Website not yet scanned (stage 3)
148,91.8,0.85,172198,FORTIS CAPITAL MANAGEMENT LLC,BELLEVUE,WA,https://twitter.com/FortisWealthMgt,1.16,1.16,0.91,22,2,,04/29/2026,100,"Advises 2 private fund(s) — 2 hedge, $143M gross",100,79% of $1.2B RAUM is HNW,70,$1.2B total RAUM,100,100% of RAUM is discretionary,,Custodians not yet extracted (stage 3),50,RAUM unchanged since prior month (neutral),,Website not yet scanned (stage 3)
149,91.8,0.85,172496,"RIVER PARTNERS CAPITAL MANAGEMENT, LP",NEW YORK,NY,https://riverpartners.com,1.32,1.29,0.90,13,10,1,03/31/2026,100,"Advises 10 private fund(s) — 1 PE, 2 hedge, $254M gross",100,69% of $1.3B RAUM is HNW,70,$1.3B total RAUM,100,98% of RAUM is discretionary,,Custodians not yet extracted (stage 3),50,RAUM unchanged since prior month (neutral),,Website not yet scanned (stage 3)
150,91.8,0.85,173920,CREWE ADVISORS,SALT LAKE CITY,UT,HTTP://WWW.CREWE.COM,3.05,3.04,1.68,32,1,,04/03/2026,100,"Advises 1 private fund(s), $22M gross",100,55% of $3.1B RAUM is HNW,70,$3.1B total RAUM,100,100% of RAUM is discretionary,,Custodians not yet extracted (stage 3),50,RAUM unchanged since prior month (neutral),,Website not yet scanned (stage 3)
151,91.8,0.85,173995,PINE VALLEY INVESTMENTS,MARLTON,NJ,HTTPS://WWW.INSTAGRAM.COM/PV_INVESTMENTS/?HL=EN,2.67,2.67,1.91,37,2,,03/30/2026,100,"Advises 2 private fund(s) — 2 hedge, $124M gross",100,71% of $2.7B RAUM is HNW,70,$2.7B total RAUM,100,100% of RAUM is discretionary,,Custodians not yet extracted (stage 3),50,RAUM unchanged since prior month (neutral),,Website not yet scanned (stage 3)
152,91.8,0.85,174210,SACHEM HILL LLC,DENVER,CO,https://www.sachemhill.com/,1.18,1.16,0.94,8,5,3,03/24/2026,100,"Advises 5 private fund(s) — 3 PE, 2 hedge, $230M gross",100,80% of $1.2B RAUM is HNW,70,$1.2B total RAUM,100,98% of RAUM is discretionary,,Custodians not yet extracted (stage 3),50,RAUM unchanged since prior month (neutral),,Website not yet scanned (stage 3)
153,91.8,0.85,175346,1900 WEALTH,SAN ANTONIO,TX,https://www.jeffersonbank.com,3.07,3.07,1.66,22,12,6,03/18/2026,100,"Advises 12 private fund(s) — 6 PE, 2 real estate, $68M gross",100,54% of $3.1B RAUM is HNW,70,$3.1B total RAUM,100,100% of RAUM is discretionary,,Custodians not yet extracted (stage 3),50,RAUM unchanged since prior month (neutral),,Website not yet scanned (stage 3)
154,91.8,0.85,282103,"STANSBERRY ASSET MANAGEMENT, LLC",WESTLAKE,TX,HTTP://STANSBERRYAM.COM/,1.29,1.29,1.03,34,2,,03/31/2026,100,"Advises 2 private fund(s), $66M gross",100,80% of $1.3B RAUM is HNW,70,$1.3B total RAUM,100,100% of RAUM is discretionary,,Custodians not yet extracted (stage 3),50,RAUM unchanged since prior month (neutral),,Website not yet scanned (stage 3)
155,91.8,0.85,282750,ELEMENT POINTE FAMILY OFFICE,MIAMI,FL,https://elementpointe.com,1.22,1.16,1.21,11,1,1,05/01/2026,100,"Advises 1 private fund(s) — 1 PE, $2M gross",100,100% of $1.2B RAUM is HNW,70,$1.2B total RAUM,100,95% of RAUM is discretionary,,Custodians not yet extracted (stage 3),50,RAUM unchanged since prior month (neutral),,Website not yet scanned (stage 3)
156,91.8,0.85,283549,"MOODY, LYNN, LIEBERSON & WALKER, LLC",BOSTON,MA,HTTPS://WWW.MOODYLYNN.COM,2.41,2.41,2.15,14,1,,03/25/2026,100,"Advises 1 private fund(s), $13M gross",100,89% of $2.4B RAUM is HNW,70,$2.4B total RAUM,100,100% of RAUM is discretionary,,Custodians not yet extracted (stage 3),50,RAUM unchanged since prior month (neutral),,Website not yet scanned (stage 3)
157,91.8,0.85,286001,"LIBERTY WEALTH MANAGEMENT, LLC",OAKLAND,CA,https://www.instagram.com/libertygroupllc/,1.73,1.56,1.29,43,1,,05/29/2026,100,"Advises 1 private fund(s), $5M gross",100,75% of $1.7B RAUM is HNW,70,$1.7B total RAUM,100,91% of RAUM is discretionary,,Custodians not yet extracted (stage 3),50,RAUM unchanged since prior month (neutral),,Website not yet scanned (stage 3)
158,91.8,0.85,287525,"AVESTAR CAPITAL, LLC",NEW YORK,NY,HTTP://WWW.AVESTARCAPITAL.COM/,2.07,2.06,1.96,16,4,1,04/20/2026,100,"Advises 4 private fund(s) — 1 PE, $62M gross",100,95% of $2.1B RAUM is HNW,70,$2.1B total RAUM,100,100% of RAUM is discretionary,,Custodians not yet extracted (stage 3),50,RAUM unchanged since prior month (neutral),,Website not yet scanned (stage 3)
159,91.8,0.85,287980,"AWM CAPITAL, LLC",PHOENIX,AZ,HTTPS://TWITTER.COM/ATHLETEWEALTH,1.49,1.49,1.29,38,10,,03/13/2026,100,"Advises 10 private fund(s) — 1 real estate, $108M gross",100,87% of $1.5B RAUM is HNW,70,$1.5B total RAUM,100,100% of RAUM is discretionary,,Custodians not yet extracted (stage 3),50,RAUM unchanged since prior month (neutral),,Website not yet scanned (stage 3)
160,91.8,0.85,288210,GRYPHON FINANCIAL PARTNERS,COLUMBUS,OH,HTTPS://WWW.LINKEDIN.COM/COMPANY/GRYPHON-FINANCIAL-PARTNERS,2.44,2.43,2.33,31,3,1,04/30/2026,100,"Advises 3 private fund(s) — 1 PE, 2 real estate, $32M gross",100,96% of $2.4B RAUM is HNW,70,$2.4B total RAUM,100,100% of RAUM is discretionary,,Custodians not yet extracted (stage 3),50,RAUM unchanged since prior month (neutral),,Website not yet scanned (stage 3)
161,91.8,0.85,289905,SHADE TREE ADVISORS LLC,SARATOGA SPRINGS,NY,HTTP://WWW.SHADETREEADVISORS.COM,1.45,1.41,1.16,66,2,2,03/30/2026,100,"Advises 2 private fund(s) — 2 PE, $234M gross",100,80% of $1.5B RAUM is HNW,70,$1.5B total RAUM,100,97% of RAUM is discretionary,,Custodians not yet extracted (stage 3),50,RAUM unchanged since prior month (neutral),,Website not yet scanned (stage 3)
162,91.8,0.85,289913,"INNOVIA WEALTH, LLC",GRAND RAPIDS,MI,https://www.linkedin.com/company/innovia-wealth/,3.29,3.12,2.51,31,2,1,04/02/2026,100,"Advises 2 private fund(s) — 1 PE, $50M gross",100,76% of $3.3B RAUM is HNW,70,$3.3B total RAUM,100,95% of RAUM is discretionary,,Custodians not yet extracted (stage 3),50,RAUM unchanged since prior month (neutral),,Website not yet scanned (stage 3)
163,91.8,0.85,298593,"SAGE MOUNTAIN ADVISORS, LLC",ATLANTA,GA,https://www.linkedin.com/company/sage-mountain-advisors/,4.29,4.29,4.02,31,3,,03/17/2026,100,"Advises 3 private fund(s) — 2 hedge, $31M gross",100,94% of $4.3B RAUM is HNW,70,$4.3B total RAUM,100,100% of RAUM is discretionary,,Custodians not yet extracted (stage 3),50,RAUM unchanged since prior month (neutral),,Website not yet scanned (stage 3)
164,91.8,0.85,299723,"TRANSCEND CAPITAL ADVISORS, LLC",MADISON,NJ,https://www.linkedin.com/company/transcend-capital-advisors/,2.91,2.88,2.42,39,12,12,03/31/2026,100,"Advises 12 private fund(s) — 12 PE, $354M gross",100,83% of $2.9B RAUM is HNW,70,$2.9B total RAUM,100,99% of RAUM is discretionary,,Custodians not yet extracted (stage 3),50,RAUM unchanged since prior month (neutral),,Website not yet scanned (stage 3)
165,91.8,0.85,300140,"HOHIMER WEALTH MANAGEMENT, LLC",SEATTLE,WA,https://www.linkedin.com/company/hohimer-wealth-manageme,1.26,1.17,0.93,12,2,,03/31/2026,100,"Advises 2 private fund(s) — 2 real estate, $19M gross",100,74% of $1.3B RAUM is HNW,70,$1.3B total RAUM,100,93% of RAUM is discretionary,,Custodians not yet extracted (stage 3),50,RAUM unchanged since prior month (neutral),,Website not yet scanned (stage 3)
166,91.8,0.85,300282,"FOSTER DYKEMA CABOT & PARTNERS, LLC",WALTHAM,MA,https://www.linkedin.com/company/focus-financial-partners,2.22,2.22,1.87,21,8,8,03/27/2026,100,"Advises 8 private fund(s) — 8 PE, $111M gross",100,84% of $2.2B RAUM is HNW,70,$2.2B total RAUM,100,100% of RAUM is discretionary,,Custodians not yet extracted (stage 3),50,RAUM unchanged since prior month (neutral),,Website not yet scanned (stage 3)
167,91.8,0.85,301548,TSCHETTER GROUP,BELLEVUE,WA,https://tschettergroup.com,2.39,2.34,1.74,24,1,,05/15/2026,100,"Advises 1 private fund(s), $82M gross",100,73% of $2.4B RAUM is HNW,70,$2.4B total RAUM,100,98% of RAUM is discretionary,,Custodians not yet extracted (stage 3),50,RAUM unchanged since prior month (neutral),,Website not yet scanned (stage 3)
168,91.8,0.85,305118,"KATHMERE CAPITAL MANAGEMENT, LLC",WAYNE,PA,https://www.linkedin.com/company/kathmere-capital-management/,3.48,3.47,1.79,24,1,,03/09/2026,100,"Advises 1 private fund(s), $2M gross",100,52% of $3.5B RAUM is HNW,70,$3.5B total RAUM,100,100% of RAUM is discretionary,,Custodians not yet extracted (stage 3),50,RAUM unchanged since prior month (neutral),,Website not yet scanned (stage 3)
169,91.8,0.85,305602,PLATFORM TECHNOLOGY PARTNERS,LOCUST VALLEY,NY,https://www.neprivatewealth.com,1.23,1.11,1.06,12,6,,03/31/2026,100,"Advises 6 private fund(s), $51M gross",100,86% of $1.2B RAUM is HNW,70,$1.2B total RAUM,100,90% of RAUM is discretionary,,Custodians not yet extracted (stage 3),50,RAUM unchanged since prior month (neutral),,Website not yet scanned (stage 3)
170,91.8,0.85,307781,CYNDEO WEALTH PARTNERS,ST. PETERSBURG,FL,https://cyndeowp.com/,3.15,3.15,2.88,28,1,,03/25/2026,100,"Advises 1 private fund(s), $39M gross",100,91% of $3.2B RAUM is HNW,70,$3.2B total RAUM,100,100% of RAUM is discretionary,,Custodians not yet extracted (stage 3),50,RAUM unchanged since prior month (neutral),,Website not yet scanned (stage 3)
171,91.8,0.85,308203,"QUENT CAPITAL, LLC",NEW YORK,NY,https://www.linkedin.com/company/quentcapital/,2.05,2.03,1.81,17,1,,03/30/2026,100,"Advises 1 private fund(s) — 1 hedge, $124M gross",100,88% of $2.1B RAUM is HNW,70,$2.1B total RAUM,100,99% of RAUM is discretionary,,Custodians not yet extracted (stage 3),50,RAUM unchanged since prior month (neutral),,Website not yet scanned (stage 3)
172,91.8,0.85,310355,V-SQUARE QUANTITATIVE MANAGEMENT,CHICAGO,IL,https://www.linkedin.com/company/vsquant/,1.42,1.42,1.38,5,1,,03/06/2026,100,"Advises 1 private fund(s), $39M gross",100,97% of $1.4B RAUM is HNW,70,$1.4B total RAUM,100,100% of RAUM is discretionary,,Custodians not yet extracted (stage 3),50,RAUM unchanged since prior month (neutral),,Website not yet scanned (stage 3)
173,91.8,0.85,311364,WEALTHPLAN INVESTMENT MANAGEMENT LLC,OMAHA,NE,https://www.wealthplan.group/,2.19,2.14,1.17,34,1,,03/25/2026,100,Advises 1 private fund(s),100,54% of $2.2B RAUM is HNW,70,$2.2B total RAUM,100,98% of RAUM is discretionary,,Custodians not yet extracted (stage 3),50,RAUM unchanged since prior month (neutral),,Website not yet scanned (stage 3)
174,91.8,0.85,312875,KERA CAPITAL PARTNERS,SAN JOSE,CA,https://www.linkedin.com/company/keracapital/,1.36,1.34,1.16,13,6,,03/11/2026,100,"Advises 6 private fund(s), $15M gross",100,85% of $1.4B RAUM is HNW,70,$1.4B total RAUM,100,99% of RAUM is discretionary,,Custodians not yet extracted (stage 3),50,RAUM unchanged since prior month (neutral),,Website not yet scanned (stage 3)
175,91.8,0.85,315694,"NILSINE PARTNERS, LLC",GREENWOOD VILLAGE,CO,https://link.edgepilot.com/s/d4c16563/zvCgsN6JpUOYDMdm67RSiw?u=https://www.youtube.com/channel/UCod9UxWEGX_KH0TeJq-haCA,1.88,1.88,1.38,18,11,,03/24/2026,100,"Advises 11 private fund(s), $204M gross",100,73% of $1.9B RAUM is HNW,70,$1.9B total RAUM,100,100% of RAUM is discretionary,,Custodians not yet extracted (stage 3),50,RAUM unchanged since prior month (neutral),,Website not yet scanned (stage 3)
176,91.8,0.85,317615,FORTITUDE FAMILY OFFICE,SCOTTSDALE,AZ,https://www.linkedin.com/company/fortitude-family-office/,1.00,0.91,0.82,28,2,1,03/24/2026,100,"Advises 2 private fund(s) — 1 PE, 1 real estate, $137M gross",100,82% of $1.0B RAUM is HNW,70,$1.0B total RAUM,100,91% of RAUM is discretionary,,Custodians not yet extracted (stage 3),50,RAUM unchanged since prior month (neutral),,Website not yet scanned (stage 3)
177,91.8,0.85,322998,"TURTLE CREEK WEALTH ADVISORS, LLC",DALLAS,TX,http://www.turtlecreekwealth.com,2.76,2.65,2.35,26,6,3,04/20/2026,100,"Advises 6 private fund(s) — 3 PE, $73M gross",100,85% of $2.8B RAUM is HNW,70,$2.8B total RAUM,100,96% of RAUM is discretionary,,Custodians not yet extracted (stage 3),50,RAUM unchanged since prior month (neutral),,Website not yet scanned (stage 3)
178,91.8,0.85,325300,"PREMIER PATH WEALTH PARTNERS, LLC",MADISON,NJ,https://www.linkedin.com/company/premierpathwealth/,1.22,1.22,1.11,8,1,1,05/15/2026,100,Advises 1 private fund(s) — 1 PE,100,91% of $1.2B RAUM is HNW,70,$1.2B total RAUM,100,100% of RAUM is discretionary,,Custodians not yet extracted (stage 3),50,RAUM unchanged since prior month (neutral),,Website not yet scanned (stage 3)
179,91.8,0.85,331709,"DIVERSIFIED, LLC",WILMINGTON,DE,https://www.facebook.com/DiversifiedLLCDE/,2.79,2.73,2.22,53,1,,05/15/2026,100,"Advises 1 private fund(s), $48M gross",100,80% of $2.8B RAUM is HNW,70,$2.8B total RAUM,100,98% of RAUM is discretionary,,Custodians not yet extracted (stage 3),50,RAUM unchanged since prior month (neutral),,Website not yet scanned (stage 3)
180,91.8,0.85,333932,"EVOLVE PRIVATE WEALTH, LLC",LOS ANGELES,CA,https://evolvepw.com,2.15,2.15,1.77,17,1,,05/20/2026,100,Advises 1 private fund(s),100,82% of $2.1B RAUM is HNW,70,$2.1B total RAUM,100,100% of RAUM is discretionary,,Custodians not yet extracted (stage 3),50,RAUM unchanged since prior month (neutral),,Website not yet scanned (stage 3)
181,91.7,0.9,106109,CHOATE INVESTMENT ADVISORS,BOSTON,MA,HTTP://WWW.CHOATEWEALTH.COM,10.05,9.27,9.37,34,3,,03/30/2026,100,"Advises 3 private fund(s), $88M gross",100,93% of $10.0B RAUM is HNW,100,$10.0B total RAUM,100,92% of RAUM is discretionary,,No custodian names found in ADV PDF,50,RAUM unchanged since prior month (neutral),0,No retail-alts vocabulary on homepage
182,91.7,0.9,106928,BRADLEY FOSTER & SARGENT INC,HARTFORD,CT,HTTP://WWW.BFSFUNDS.COM,9.07,9.07,7.57,61,1,,04/06/2026,100,"Advises 1 private fund(s) — 1 hedge, $74M gross",100,83% of $9.1B RAUM is HNW,100,$9.1B total RAUM,100,100% of RAUM is discretionary,,No custodian names found in ADV PDF,50,RAUM unchanged since prior month (neutral),0,No retail-alts vocabulary on homepage
183,91.7,0.9,115119,WELCH & FORBES LLC,BOSTON,MA,HTTP://WWW.WELCHFORBES.COM,9.90,9.66,8.01,55,2,2,05/19/2026,100,"Advises 2 private fund(s) — 2 PE, $6,880 gross",100,81% of $9.9B RAUM is HNW,100,$9.9B total RAUM,100,98% of RAUM is discretionary,,No custodian names found in ADV PDF,50,RAUM unchanged since prior month (neutral),0,No retail-alts vocabulary on homepage
184,91.7,0.85,145108,"BLACK DIAMOND FINANCIAL, LLC",LUTHERVILLE,MD,HTTPS://WWW.BLACKDFINANCIAL.COM,1.37,1.23,1.04,17,3,3,03/23/2026,100,"Advises 3 private fund(s) — 3 PE, $6M gross",100,76% of $1.4B RAUM is HNW,70,$1.4B total RAUM,99,89% of RAUM is discretionary,,Custodians not yet extracted (stage 3),50,RAUM unchanged since prior month (neutral),,Website not yet scanned (stage 3)
185,91.7,0.85,164971,"CANAL CAPITAL MANAGEMENT, LLC",RICHMOND,VA,HTTP://WWW.CANALCAPITALMANAGEMENT.COM,1.28,1.15,1.02,6,7,1,05/11/2026,100,"Advises 7 private fund(s) — 1 PE, 6 real estate, $163M gross",100,79% of $1.3B RAUM is HNW,70,$1.3B total RAUM,99,89% of RAUM is discretionary,,Custodians not yet extracted (stage 3),50,RAUM unchanged since prior month (neutral),,Website not yet scanned (stage 3)
186,91.6,0.85,2748,MEANS WEALTH MANAGEMENT,BANGOR,ME,https://www.youtube.com/user/meanswealthmanagemen,1.59,1.42,1.09,24,1,,03/13/2026,100,"Advises 1 private fund(s), $8M gross",100,68% of $1.6B RAUM is HNW,70,$1.6B total RAUM,99,89% of RAUM is discretionary,,Custodians not yet extracted (stage 3),50,RAUM unchanged since prior month (neutral),,Website not yet scanned (stage 3)
187,91.6,0.85,137147,"LEVIN CAPITAL STRATEGIES, L.P.",NEW YORK,NY,https://www.linkedin.com/company/levin-capital-strategies/,1.66,1.47,1.07,14,1,,03/31/2026,100,"Advises 1 private fund(s) — 1 hedge, $21M gross",100,65% of $1.7B RAUM is HNW,70,$1.7B total RAUM,99,89% of RAUM is discretionary,,Custodians not yet extracted (stage 3),50,RAUM unchanged since prior month (neutral),,Website not yet scanned (stage 3)
188,91.5,0.85,119467,CM WEALTH ADVISORS LLC,BEACHWOOD,OH,HTTPS://WWW.CMWEALTHADVISORS.COM,3.60,3.43,1.79,24,30,21,03/24/2026,100,"Advises 30 private fund(s) — 21 PE, $1.6B gross",99,50% of $3.6B RAUM is HNW,70,$3.6B total RAUM,100,95% of RAUM is discretionary,,Custodians not yet extracted (stage 3),50,RAUM unchanged since prior month (neutral),,Website not yet scanned (stage 3)
189,91.5,0.85,282688,"PENNINGTON PARTNERS & CO., LLC",BETHESDA,MD,HTTPS://PENNINGTON.ADDEPAR.COM/,5.09,2.43,4.60,36,10,3,04/06/2026,100,"Advises 10 private fund(s) — 3 PE, 2 hedge, 3 real estate, $487M gross",100,90% of $5.1B RAUM is HNW,100,$5.1B total RAUM,53,48% of RAUM is discretionary,,Custodians not yet extracted (stage 3),50,RAUM unchanged since prior month (neutral),,Website not yet scanned (stage 3)
190,91.5,0.85,283630,"MANHATTAN WEST ASSET MANAGEMENT, LLC",LOS ANGELES,CA,https://www.linkedin.com/company/manhattan-west-enterprise-llc,1.16,1.16,0.58,36,53,7,03/30/2026,100,"Advises 53 private fund(s) — 7 PE, $502M gross",99,50% of $1.2B RAUM is HNW,70,$1.2B total RAUM,100,100% of RAUM is discretionary,,Custodians not yet extracted (stage 3),50,RAUM unchanged since prior month (neutral),,Website not yet scanned (stage 3)
191,91.4,1,134249,"CURI CAPITAL, LLC",CHICAGO,IL,https://www.facebook.com/curicapital1,11.58,9.30,7.86,180,17,9,03/31/2026,100,"Advises 17 private fund(s) — 9 PE, 2 hedge, 5 real estate, $459M gross",100,68% of $11.6B RAUM is HNW,100,$11.6B total RAUM,89,80% of RAUM is discretionary,100,"Custody: Charles Schwab, Fidelity",50,RAUM unchanged since prior month (neutral),0,No retail-alts vocabulary on homepage
192,91.4,1,144516,"NICHOLAS HOFFMAN & COMPANY, LLC",ATLANTA,GA,HTTP://WWW.NHOFFMANANDCO.COM,8.26,6.60,7.77,26,1,1,03/17/2026,100,"Advises 1 private fund(s) — 1 PE, $25M gross",100,94% of $8.3B RAUM is HNW,100,$8.3B total RAUM,89,80% of RAUM is discretionary,100,Custody: Charles Schwab,50,RAUM unchanged since prior month (neutral),0,No retail-alts vocabulary on homepage
193,91.2,1,106114,GARDNER RUSSO & QUINN LLC,LANCASTER,PA,https://www.linkedin.com/company/gardner-russo-quinn-llc,9.45,9.45,4.52,47,3,,03/31/2026,100,"Advises 3 private fund(s), $2.3B gross",96,48% of $9.4B RAUM is HNW,100,$9.4B total RAUM,100,100% of RAUM is discretionary,100,Custody: Pershing (BNY),50,RAUM unchanged since prior month (neutral),0,No retail-alts vocabulary on homepage
194,91.2,0.85,143771,"CYPRESS POINT WEALTH MANAGEMENT, LLC",DALLAS,TX,HTTP://WWW.CYPRESSPOINTWEALTH.COM,1.47,1.26,1.40,12,3,1,03/30/2026,100,"Advises 3 private fund(s) — 1 PE, $21M gross",100,96% of $1.5B RAUM is HNW,70,$1.5B total RAUM,96,86% of RAUM is discretionary,,Custodians not yet extracted (stage 3),50,RAUM unchanged since prior month (neutral),,Website not yet scanned (stage 3)
195,91.2,0.85,168005,"FI3 FINANCIAL ADVISORS, LLC",INDIANAPOLIS,IN,HTTP://WWW.TWITTER@FI3ADVISORS.COM,1.14,0.98,1.07,21,3,2,03/24/2026,100,"Advises 3 private fund(s) — 2 PE, $11M gross",100,94% of $1.1B RAUM is HNW,70,$1.1B total RAUM,95,86% of RAUM is discretionary,,Custodians not yet extracted (stage 3),50,RAUM unchanged since prior month (neutral),,Website not yet scanned (stage 3)
196,91.2,0.85,169172,PRIVATE CAPITAL MANAGEMENT,NAPLES,FL,http://www.pcmvaluefund.com,1.44,1.23,0.92,21,7,,03/26/2026,100,"Advises 7 private fund(s) — 4 hedge, $295M gross",100,64% of $1.4B RAUM is HNW,70,$1.4B total RAUM,95,85% of RAUM is discretionary,,Custodians not yet extracted (stage 3),50,RAUM unchanged since prior month (neutral),,Website not yet scanned (stage 3)
197,91.2,0.85,284866,MG&A WEALTH,PLANTATION,FL,HTTP://WWW.MEGGREEN.COM,1.02,0.87,0.83,15,1,1,03/31/2026,100,"Advises 1 private fund(s) — 1 PE, $47M gross",100,82% of $1.0B RAUM is HNW,70,$1.0B total RAUM,95,85% of RAUM is discretionary,,Custodians not yet extracted (stage 3),50,RAUM unchanged since prior month (neutral),,Website not yet scanned (stage 3)
198,91.1,0.85,141588,"BULLTICK WEALTH MANAGEMENT, LLC",MIAMI,FL,HTTP://WWW.BULLTICK.COM,1.95,1.65,1.54,62,1,,03/31/2026,100,"Advises 1 private fund(s) — 1 real estate, $31M gross",100,79% of $1.9B RAUM is HNW,70,$1.9B total RAUM,94,85% of RAUM is discretionary,,Custodians not yet extracted (stage 3),50,RAUM unchanged since prior month (neutral),,Website not yet scanned (stage 3)
199,91,0.85,105907,KLINGENSTEIN FIELDS ADVISORS,NEW YORK,NY,HTTPS://WWW.LINKEDIN.COM/COMPANY/KLINGENSTEIN-FIELDS,4.70,3.97,3.90,39,12,8,05/18/2026,100,"Advises 12 private fund(s) — 8 PE, $172M gross",100,83% of $4.7B RAUM is HNW,70,$4.7B total RAUM,94,84% of RAUM is discretionary,,Custodians not yet extracted (stage 3),50,RAUM unchanged since prior month (neutral),,Website not yet scanned (stage 3)
200,91,0.85,107309,MEYER HANDELMAN COMPANY LLC,RYE BROOK,NY,,3.24,2.73,2.71,18,1,,03/17/2026,100,"Advises 1 private fund(s), $6M gross",100,84% of $3.2B RAUM is HNW,70,$3.2B total RAUM,94,84% of RAUM is discretionary,,Custodians not yet extracted (stage 3),50,RAUM unchanged since prior month (neutral),,Website not yet scanned (stage 3)